col1,col2,col3,col4,col5,col6,col7,col8,col9,col10,col11,col12,col13,col14,col15,col16,col17,col18,col19,col20,col21,col22,col23,col24,col25,col26,col27,col28
1,1,518476,38.20,48,12,1,3,5,1,2,3,,,,,4,2,57.00,7.00,,,1,1,7426,0,0,2
1,1,518476,38.0,60,24,,1,2,1,,,,1,1,,4,4,,,,,1,1,2085,0,0,1
2,1,518476,,60,16,1,1,5,1,2,2,4,,,,1,5,43.00,7.0,1,4.30,3,2,1360,0,0,1
1,1,518476,37.00,40,12,2,1,2,1,,3,3,1,2,,,5,55.00,6.80,,,3,2,428,0,0,2
1,1,5305629,38.50,130,24,3,,4,2,,4,1,1,1,,1,5,47,8.90,2,8.00,1,2,16044,7111,0,1
1,1,518476,37.50,104,72,3,3,1,1,3,,1,3,3,,3,1,47.00,67,1,,2,1,1786,0,0,2
2,1,518476,39.50,88,,4,3,,2,,4,4,1,,,,5,54.00,6.20,,,1,2,7256,0,0,1
2,1,518476,,80,24,4,3,1,1,2,3,3,2,,,3,,48.00,5.70,1,5.20,1,1,935,0,0,1
2,1,518476,,52,30,3,1,,,5,3,2,2,,,3,1,33.00,7.20,3,4.10,2,2,2302,0,0,2
1,1,5305629,39.40,72,,,1,1,1,,,4,2,3,7.00,,1,,6.20,1,,2,1,4537,0,0,2
2,1,518476,38.70,42,,2,,2,1,2,3,,1,1,,,,34,8.00,1,2,3,2,670,0,0,1
1,1,518476,37.8,86,20,3,3,3,1,4,3,,,3,,,5,49.00,5.90,,,1,2,8044,0,0,2
1,1,518476,,136,30,3,1,3,1,,1,3,,,,,,36.00,7.50,,,1,2,10577,0,0,2
1,1,518476,38.40,36,24,1,1,2,2,3,3,2,1,1,,4,,47.00,5.90,,,2,1,3370,0,0,2
2,1,518476,38.7,88,68,2,,3,1,3,4,,3,1,,1,4,55.00,7.50,2,2.10,1,2,8449,0,0,2
1,1,518476,36.50,54,20,3,1,6,1,1,3,4,3,2,2,3,,38.00,7.00,3,3.40,1,1,4636,0,0,2
1,1,518476,38.30,44,12,3,1,2,2,5,3,,,1,5.40,3,5,,6.20,2,2,2,1,7133,0,0,2
2,1,5305629,38.2,54,36,4,1,6,1,5,1,4,,2,2,2,,52,56,,2,2,1,2511,0,0,2
2,9,518476,38.5,50,32,1,1,6,2,1,1,2,1,,,2,2,37,62,,,1,2,1033,0,0,2
1,1,518476,38.5,48,18,3,3,,1,4,4,1,1,3,6.50,4,5,49.00,7.50,2,,2,1,8093,0,0,2
1,1,518476,39.20,60,,3,3,4,2,2,3,,2,1,,,5,,8.7,3,,2,1,14509,0,0,1
1,1,518476,,66,20,4,1,3,1,3,,3,,2,,1,1,48,75,3,,1,2,330,0,0,2
1,1,518476,38.5,52,70,3,1,4,1,1,1,,2,1,6.50,2,5,39.00,7.50,,,2,2,1679,0,0,2
1,1,518476,38.00,56,16,1,1,2,1,3,,2,,3,,,,57,55,3,5.30,1,1,2356,0,0,2
1,1,5305629,38.50,76,16,2,3,1,,3,4,1,,2,,,1,39,,2,,1,1,6901,0,0,1
2,1,518476,38.20,86,24,1,1,,1,3,4,3,1,1,,,,38,6.20,3,3.00,1,2,4289,0,0,1
1,1,518476,38.00,64,24,4,3,2,2,3,3,3,1,,,4,5,66,89,,,1,2,1983,0,0,2
2,1,518476,,36,40,,3,1,2,3,3,2,1,3,6.20,1,,44.00,74,3,,2,1,7202,0,0,1
2,1,5305629,37.20,70,,3,,1,2,1,,3,2,,,1,4,,81,1,1.00,2,1,8203,0,0,1
1,1,518476,38.4,40,36,1,3,3,1,2,4,3,3,1,,4,,32.00,6.10,3,1,1,1,2935,0,0,2
1,1,518476,38.2,54,16,3,1,3,1,4,4,1,2,1,,,5,43.00,55,3,3.30,1,1,4793,0,2209,1
1,1,518476,37.70,40,28,3,1,4,1,,3,4,,1,,4,3,52,69,,,3,2,7679,0,0,2
2,1,518476,36.90,60,12,,3,1,1,,2,3,,,,4,,70.00,51,,,1,2,757,0,0,2
1,1,518476,,60,48,3,4,5,1,,4,1,2,,,4,5,,7.00,2,,2,1,11390,0,0,2
2,1,518476,,164,30,4,,4,1,2,2,2,1,,,,,48.00,7.70,2,,1,2,4516,0,0,1
1,9,5305629,37.8,64,16,1,1,1,1,,,3,1,,,4,,52.00,6.80,,,1,1,5288,0,0,1
1,1,518476,37.10,50,9,3,3,1,2,2,4,2,3,3,,4,2,47.00,8.10,1,,2,2,3952,0,0,2
1,1,518476,38.4,96,,3,,1,1,4,,1,,,,3,5,47.00,64,1,,2,1,2675,0,0,2
2,1,518476,38.2,104,16,3,1,2,1,3,4,1,1,1,6.50,1,5,37.00,7.70,2,2.30,1,2,1139,0,0,1
1,1,5305629,38.50,164,36,,1,4,2,2,1,1,2,,2,,4,52.00,6.50,,,3,1,2709,0,0,2
1,1,518476,38.0,84,,3,3,1,1,2,,2,2,1,,3,5,,6.50,,,1,1,4016,3111,0,2
2,1,518476,,88,,3,1,1,1,3,2,,,2,,,,47.00,57,,,1,2,335,0,0,1
1,1,518476,,72,24,3,1,6,2,4,3,4,1,,,1,5,60.00,6.00,,2,1,2,8733,0,0,2
1,1,518476,38.8,,14,,4,6,1,3,3,3,,,,1,5,35.00,60,1,3.30,1,1,5391,0,0,2
1,1,518476,36.40,104,28,,,2,2,3,4,2,,1,7.00,4,3,34,7.30,3,7.40,1,1,2404,0,0,2
1,1,518476,38.70,68,36,1,3,5,2,3,1,3,,1,,1,2,42.00,7.60,,1,2,1,9517,0,0,1
1,1,518476,38.7,44,30,3,,3,1,3,3,1,2,2,,4,,48,5.70,2,,1,1,4441,0,0,2
1,1,518476,,120,,3,,3,1,2,1,3,2,1,,4,,43,6.40,2,,1,1,8853,3111,0,2
2,1,518476,38.3,54,,,1,3,1,4,,3,2,,,,,43,5.30,,,1,2,739,0,0,1
,1,518476,40.00,44,18,3,1,5,2,2,4,4,,,,,4,23.00,6.90,1,7.00,3,1,1168,0,0,1
1,1,518476,38.4,114,40,1,3,6,1,1,4,,,2,2,4,1,65,,,,1,1,1190,0,0,2
1,9,518476,38.3,,28,1,,2,1,1,,2,1,3,,3,2,52.00,6.70,,,1,1,4427,0,0,2
1,1,518476,37.60,88,12,3,3,5,2,5,3,4,2,1,,1,,36.00,8.60,,4.80,1,2,5686,0,0,1
1,1,5305629,38.60,120,22,3,3,1,2,,4,3,3,1,4.00,,,55.00,6.50,1,2.60,2,2,10577,0,0,1
2,1,518476,,36,18,,1,5,1,,,1,1,1,,,5,48,53,,,1,2,2318,0,0,2
1,1,518476,,,20,1,1,1,2,3,,2,,,,1,,60.00,6.70,,,1,1,7280,0,0,2
1,1,518476,39.4,44,28,3,1,2,2,1,,3,2,,,4,5,73.00,81,1,3.90,2,1,4320,0,0,1
2,1,518476,37.3,130,20,3,3,5,1,3,3,,1,3,6.50,,5,54.00,62,,,2,2,1885,0,0,2
1,1,518476,37.80,56,20,4,1,1,,,,3,,1,,,4,,62,,,1,1,4030,0,0,2
1,1,518476,38.50,80,30,4,3,1,1,5,4,1,,1,6.50,4,4,40.00,8.40,,,1,1,10103,0,0,1
2,1,518476,38,88,21,1,,,2,1,3,1,1,1,,,,55,7.00,,,3,2,3594,0,0,2
2,1,518476,38.80,120,20,,4,2,2,,,1,2,1,,4,3,40.00,7.20,3,,3,1,2140,0,0,2
2,1,518476,38.60,100,12,3,1,4,1,3,4,2,,2,,1,,49,65,,1,3,2,2648,0,0,2
1,1,518476,38.20,78,,3,1,1,1,,3,3,2,1,,4,5,57,64,,,1,1,4632,0,0,2
1,1,518476,37.50,104,28,1,1,6,1,,3,4,1,1,,3,4,45.00,8.50,3,5.00,1,2,364,0,0,2
2,1,518476,37.80,136,16,3,,2,1,3,3,1,,,,3,1,49.00,64,,,1,1,7542,0,0,1
1,1,518476,37.1,60,,1,1,1,1,,,,2,,,3,,43,4.50,3,2.60,1,2,333,0,0,2
2,1,518476,37.60,72,36,2,1,5,1,1,1,2,2,1,,3,,37.00,69,,,1,1,917,0,0,2
1,1,518476,38.30,100,32,4,,,1,2,,3,,2,,,3,55.00,8.20,1,,1,2,1182,0,0,2
1,9,518476,,48,,1,1,2,1,,,,,1,,1,3,60.00,7.00,1,3.00,1,1,8145,0,0,2
1,1,518476,40.30,48,9,3,,2,1,2,,2,1,1,4.40,1,,33,8.50,,,1,1,1010,0,0,1
1,1,518476,37.60,40,20,3,1,,1,2,,3,,1,,1,2,32.00,69,,,1,2,449,0,0,2
2,1,518476,38.60,64,,,,1,1,5,3,3,,1,,4,4,69.00,7.90,1,3.60,1,1,6594,0,0,1
1,1,518476,38.10,48,24,1,1,,1,1,,4,1,,,4,,48,6.20,,,1,2,8445,0,0,2
2,9,518476,,60,16,3,1,1,2,,3,3,2,,,,,40.00,7.50,1,2.60,3,1,3373,0,0,1
2,9,5305629,38.4,130,,4,,4,1,2,1,,,,,1,4,39,89,3,,1,2,956,0,0,2
1,1,518476,37.80,75,12,2,1,4,1,3,4,1,2,3,6.20,4,,50.00,7.80,,,1,1,7520,0,0,2
2,1,518476,37.7,56,80,2,1,,1,3,3,2,,,,,1,44.00,66,,,1,1,2762,0,0,2
1,1,5305629,38.00,60,,1,1,4,1,3,4,,1,1,,,,60.00,66,,,2,1,16193,0,0,1
1,1,518476,,100,28,2,3,,2,5,4,3,2,3,4.30,1,,,,3,,2,1,15760,0,0,1
2,1,518476,38.2,60,90,1,,,1,3,3,1,,,,,5,34,64,,,1,2,5795,0,0,2
1,1,518476,,30,9,1,3,,2,3,4,,1,2,,4,5,38,10.2,,,2,1,11501,0,0,2
2,1,518476,35.4,72,48,4,2,1,2,2,1,2,1,3,5.50,,5,71.00,4.60,3,2,1,2,685,0,0,2
2,1,518476,,130,30,1,3,3,2,5,3,1,,,,1,4,38.00,6.50,,,2,2,5966,0,0,2
1,1,518476,,104,20,,3,5,1,2,,3,2,1,5.70,3,5,45,6.50,1,,2,1,2793,0,0,2
1,1,518476,38.00,44,42,,1,4,1,3,3,,1,1,4.00,4,2,33,6.50,,1,3,2,6473,0,0,2
1,1,5305629,38.5,70,16,3,1,6,1,,1,4,,1,,1,,68.00,59,3,,1,1,1696,0,0,2
2,1,518476,38.10,100,16,,3,1,2,1,3,1,2,1,,2,5,50,5.70,,,3,1,5302,0,0,1
1,1,518476,,96,16,3,,3,1,2,4,3,,1,,1,1,50.00,6.50,,1.00,1,2,3410,0,0,2
2,1,518476,38.0,80,20,3,3,1,1,3,,3,2,1,7.00,2,,50.00,57,,,3,1,4418,0,0,2
1,1,518476,,48,,,1,4,2,2,3,4,2,1,,,,24.00,6.00,,,2,2,6743,0,0,2
1,1,518476,38.60,84,30,1,1,4,1,2,4,2,3,1,2,3,4,60.00,6.60,1,,1,2,3472,0,0,2
2,1,518476,38.2,56,,3,1,4,2,5,4,1,3,3,,3,,41.00,6.80,2,3.60,2,1,1147,0,0,1
2,1,518476,37.80,112,28,1,4,1,1,3,1,4,1,,,,,49.00,8.00,,7.00,3,2,783,0,0,2
2,9,5305629,,146,9,3,,5,2,5,,4,,,,2,4,37,8.50,3,3.90,1,1,5686,0,0,1
2,1,518476,,60,36,1,,1,1,2,1,,1,2,,1,4,43.00,6.10,1,2,1,2,1531,0,0,1
1,1,518476,,96,,1,3,1,2,1,3,2,2,1,,4,5,54.00,6.00,,,1,2,749,0,0,1
1,9,518476,37.80,40,40,1,3,5,1,4,,,,,,4,,64.00,7.80,,,1,1,15913,0,0,1
1,1,518476,39.00,100,30,,,1,1,3,3,4,2,1,,4,4,63.00,6.70,1,2,1,1,10188,0,0,2
1,1,518476,38.30,84,22,4,,4,1,,,1,,2,,4,4,40.00,6.50,,,1,1,4652,0,0,2
2,1,518476,37.80,48,24,4,,,2,3,4,2,1,,,1,4,38,9.00,,,2,1,1569,0,0,2
1,1,518476,38.5,40,20,3,1,3,1,3,3,4,,,,1,,49.00,68,,,1,2,1363,0,0,2
2,1,518476,38.00,44,40,4,1,1,1,3,3,2,3,1,5.30,,,49,,2,,1,1,11775,0,0,1
2,1,5305629,38.10,60,20,,3,1,1,4,,3,,,1,4,,47,6.10,,6.00,2,2,4000,0,0,2
1,1,518476,38.30,100,,3,3,2,1,3,4,1,,1,2,4,,31.00,6.50,,2,1,1,3837,0,0,1
1,1,518476,38.5,96,,3,,2,1,4,3,4,2,3,,4,,39.00,8.90,1,,1,1,1508,0,0,1
2,1,518476,37.8,44,10,,3,1,2,3,3,4,3,2,5.40,,,31.50,82,,,1,2,2258,0,0,2
2,1,518476,,96,24,2,1,3,2,1,3,4,1,2,,,2,45.00,6.00,3,2.30,1,1,406,0,0,2
1,1,518476,38.7,60,16,3,,4,,1,2,2,2,,,4,1,49.00,11.00,2,,1,1,932,0,0,1
1,1,518476,,140,24,3,3,3,2,2,3,2,3,1,,2,5,37.00,,1,2.80,3,2,7425,0,0,1
1,1,518476,38.10,78,32,4,3,,2,5,4,3,2,1,,,,50.00,65,,2.60,2,1,16499,0,0,1
1,1,518476,37.50,100,24,3,1,1,1,3,1,,,,,,5,45.00,6.80,1,,1,1,2226,0,0,1
1,9,518476,,50,,1,1,4,1,1,,2,,,,,4,36.00,7.0,,2.00,2,2,519,0,0,1
2,1,518476,38.3,160,18,1,1,1,1,5,,1,,,,1,5,68.00,7.00,,,1,1,8558,0,0,2
2,9,518476,38.6,50,40,3,4,1,1,,3,3,2,3,4.00,1,4,68.00,6.50,,3.90,2,2,3045,0,0,2
1,1,518476,40.30,136,30,,2,1,1,,3,,1,1,2,,,73.00,,1,,1,1,2921,0,0,1
2,1,518476,38.50,104,,1,1,3,1,2,1,2,,2,,4,,44.00,7.20,,,1,2,1579,0,0,2
2,1,518476,36.50,96,40,1,,5,1,2,4,3,1,3,,1,,50.00,57,1,3.00,1,1,1472,0,0,1
2,1,518476,38.5,48,,3,1,6,1,1,1,4,1,,,3,5,53,6.90,,4.70,1,1,2437,0,0,2
2,9,518476,38.9,44,36,2,,5,1,3,2,3,,,4.00,4,2,42,9.00,2,,1,2,548,6112,0,2
2,1,518476,,76,24,,1,5,1,3,1,4,,1,4.50,4,,43.00,6.60,1,6.60,2,1,4217,0,0,1
1,1,518476,38.6,42,30,,3,,1,,3,2,2,,,4,5,36,8.50,,,1,1,2968,0,0,2
2,1,5305629,,68,20,,3,2,1,4,1,2,2,1,5.00,4,2,37.00,66,,,1,2,1093,0,0,2
2,1,5305629,,,,,,1,1,2,3,,,2,,,,75,7.20,,,3,2,6128,0,0,1
1,1,518476,37.50,100,28,,3,,2,2,3,3,,1,,,5,51,5.90,3,4.50,1,2,7014,0,0,1
1,1,518476,37.9,48,,2,1,1,2,5,3,3,,1,,4,1,60.00,7.50,,,1,1,863,0,0,2
1,1,518476,38.60,150,80,1,3,5,2,2,3,2,,2,,,5,26,7.30,3,,3,1,439,0,0,2
1,1,5305629,37.8,,36,1,1,1,1,2,1,1,,,,,5,34,8.30,,,1,1,5112,0,0,2
1,1,518476,38.50,48,36,3,1,6,1,4,4,,2,1,,1,,44.00,,,,1,1,3456,0,0,2
2,1,518476,39.00,44,,1,1,1,1,2,1,3,,1,,,,44.00,65,,,1,2,1033,0,0,2
1,9,518476,38.5,42,14,4,4,3,,4,2,1,2,,,,4,50.00,,2,,1,1,2031,0,0,2
2,1,518476,38.40,48,34,1,1,2,1,5,,3,1,1,,4,,50,8.10,2,,1,1,2431,0,0,1
2,1,518476,38,56,52,,3,3,1,2,1,4,,,,3,,45.00,,,,2,2,428,0,0,2
2,1,518476,,150,,1,3,,1,2,3,1,,,,4,5,44.00,61,,,1,1,5577,0,0,2
2,1,518476,37.5,52,51,1,1,1,1,2,,,2,1,,3,,56,6.50,1,5.20,1,1,4057,0,0,1
1,1,518476,39.10,52,30,3,2,,1,3,1,1,,,,,,50,7.00,,,1,1,1605,0,0,2
2,1,518476,38.20,84,,3,,3,1,,1,,1,1,,,,31,6.00,,1,2,1,6191,0,0,1
1,9,518476,,132,,3,3,6,2,3,4,2,,1,,,,45.00,6.10,,4.70,2,1,5025,0,0,1
2,1,518476,38.2,,40,1,3,,1,5,4,1,,,,2,,40.00,7.00,,,3,2,8323,0,0,2
1,1,518476,,70,40,1,1,3,2,2,1,,2,1,,4,5,33,7.70,,,1,1,3781,0,0,2
2,1,5305629,39.4,120,16,1,,1,1,5,3,1,2,1,,,,37,70,3,2,1,2,2951,0,0,1
1,1,518476,36.5,60,12,,1,3,1,2,,2,2,,5.30,,5,,6.10,,1,2,1,13453,0,0,1
1,1,518476,37.70,68,24,4,3,1,1,2,4,3,1,3,1,,4,38.00,,2,3.20,2,1,14008,0,0,2
2,1,518476,38.8,50,,3,1,6,1,4,3,3,2,,7.00,,,57.00,82,3,10.10,2,2,4178,0,0,1
1,9,518476,36.50,86,24,4,3,1,2,3,,3,,3,,,5,47.00,73,3,,3,1,3208,0,0,2
1,1,518476,,48,30,3,1,1,2,2,,4,3,3,,3,,,6.70,,,2,1,1570,0,0,1
1,1,518476,38.3,40,84,1,1,3,2,4,3,1,1,3,,,,44.00,6.70,3,2.20,1,1,6558,0,0,2
1,1,518476,,40,20,1,3,,1,,3,3,2,2,,,2,50,7.50,1,,3,1,9446,0,0,2
2,1,518476,,48,20,3,1,4,1,4,3,,2,1,7.00,,,39.00,9.00,3,,1,2,559,0,0,2
2,1,518476,38.60,40,12,3,3,4,1,5,4,3,,,2,4,,36.00,6.60,,,2,1,7977,0,0,2
1,1,518476,38.10,120,20,3,3,,1,4,4,3,1,3,6.00,1,5,48.00,7.00,,,1,1,7970,0,0,2
1,1,518476,38.5,,28,1,,3,1,3,3,,1,2,,,,36.00,65,,,3,1,3096,0,0,1
1,1,518476,38.6,60,70,3,,5,,4,3,2,2,2,,,4,47,54,,,1,1,1935,0,0,1
2,1,518476,,50,36,3,1,3,,3,3,2,2,1,,1,4,45,6.30,,2,1,1,9317,0,0,1
1,9,518476,39.5,92,,3,3,3,1,2,,,3,1,,1,4,65.00,8.00,,,2,2,2949,0,0,2
1,1,518476,37.60,48,40,1,,5,2,4,3,1,2,1,,,1,52.00,,,,2,1,5489,0,0,2
2,9,518476,37.80,,24,1,3,2,2,2,3,2,2,1,3.00,1,1,47,55,1,1.60,1,2,5680,0,0,1
1,1,518476,,120,32,3,,4,1,3,3,1,2,1,,1,,52.00,,,,1,1,6972,0,0,2
1,1,518476,37.70,66,20,3,3,,1,,,4,2,,,3,2,74.00,8.30,2,2,1,1,2442,0,0,2
1,1,518476,38.3,,30,,3,,,3,3,3,,1,,4,,74.00,7.00,2,,1,1,12281,0,0,2
1,1,518476,37.9,100,52,3,3,3,1,2,3,4,1,,7.20,4,5,68.00,75,,,1,1,3669,0,0,2
1,1,518476,38.80,,84,3,3,3,2,3,4,4,,,,1,5,48,67,2,,1,2,1655,0,0,2
1,1,518476,,60,16,4,2,1,1,1,,2,2,2,5.30,,,38.00,6.50,2,,1,2,1265,0,0,1
1,9,518476,37.80,42,36,3,3,4,,2,3,,2,2,,3,,37,55,2,,1,1,11211,0,0,1
1,1,518476,37.20,66,24,3,,2,2,5,3,3,,1,,1,1,50,6.20,,,2,1,5881,0,0,2
1,1,518476,,40,,3,3,1,2,3,4,1,1,,,3,,42,65,3,6.00,1,1,9031,0,0,1
2,1,518476,38.7,88,20,,3,,,1,3,3,,,,,4,,60,,,1,1,4420,0,0,2
1,1,518476,38.1,,20,1,1,,1,,2,1,,,,,4,,81,,,1,2,9840,0,0,2
2,1,518476,38,76,20,2,,,1,1,3,3,1,,,4,2,64.00,86,,,1,2,736,0,0,2
2,1,518476,37.5,,30,3,1,5,1,5,1,4,3,1,,4,1,39.00,7.70,3,,1,1,1916,0,0,1
1,1,518476,37.80,68,,3,4,1,1,1,3,1,,,,4,,,70,3,4.10,2,1,4239,0,0,1
1,1,518476,,90,30,,1,1,1,5,3,1,,2,,3,,53,71,,,1,1,2318,0,0,2
2,1,518476,38.5,90,30,2,4,3,1,3,2,1,1,,,1,4,36.00,54,2,,1,2,2379,0,0,2
2,1,518476,38.20,48,20,3,1,3,1,,3,1,,2,,1,1,50,6.80,,2,1,1,3257,0,0,2
2,1,518476,38.10,100,58,4,3,5,2,4,4,,2,2,,3,,39.00,8.10,,,3,1,10024,0,0,2
1,1,518476,38,64,,3,,3,1,4,,3,,1,,4,,69.00,7.2,,,1,1,5273,0,0,1
1,1,518476,37.60,40,84,1,1,1,3,3,2,2,,,,4,,37,6.10,,,1,2,1433,0,0,1
1,1,518476,39.00,,,2,3,,1,2,4,3,,,,4,3,42,6.50,2,,1,2,1449,0,0,2
1,9,518476,38.5,64,,3,3,4,1,2,4,2,2,1,,4,5,,7.00,2,,3,1,6838,0,0,2
1,1,518476,37.20,44,12,3,4,1,1,1,,3,,,,1,3,45.00,,3,,3,2,133,0,0,2
2,1,518476,,48,24,1,1,3,1,2,1,2,,,,,2,37.00,,,,1,1,975,0,0,2
1,1,518476,35.4,60,24,4,3,,2,2,,2,1,,,4,,55,,,7.00,1,1,1190,0,0,2
1,1,518476,38.3,,35,1,,4,3,3,3,3,1,1,2,2,,45.00,7.20,2,2.60,1,1,1988,0,0,1
1,1,5305629,39.00,40,24,,3,1,2,2,4,3,2,3,5.40,2,5,50,6.20,1,2.80,2,1,3998,0,0,1
2,1,518476,39.20,72,18,3,1,1,,4,1,,1,1,,,,37.00,6.40,1,,1,2,4688,0,0,2
2,1,518476,39.2,44,,3,1,6,,4,3,2,1,2,,3,1,40.00,53,,,3,1,154,0,0,1
1,1,518476,,52,12,4,4,5,1,4,3,3,,3,7.00,,4,34,7.50,,5.20,1,2,255,0,0,1
2,1,518476,38.50,60,26,3,,5,2,3,4,4,2,3,,,,,7.00,1,2,3,2,2799,0,0,1
1,1,518476,39.00,104,16,,3,4,2,3,3,3,,,7.00,4,1,33,67,,,1,1,2828,0,0,2
1,1,518476,37.3,48,20,3,1,1,1,1,1,,1,1,,,,47.00,66,,,2,2,591,0,0,2
1,1,518476,38.3,124,,3,,4,1,2,4,1,,3,2,,5,40.00,3.30,,,2,2,2569,0,0,2
2,1,518476,37.80,40,40,2,3,,1,5,4,,,,3.00,,,48,68,,,3,2,909,0,0,2
2,1,518476,,100,30,2,1,,1,2,,,2,,,3,1,33,7.40,2,,1,2,1061,0,0,2
1,9,518476,,60,,,3,4,,5,4,1,2,,,1,,50,57,,,1,1,2445,0,0,2
1,1,518476,39.3,72,30,3,2,2,2,2,3,3,2,1,,4,,58.00,6.50,,2.60,1,2,2674,0,0,2
1,1,518476,38.1,60,,4,1,3,2,2,3,1,2,1,,,,40.00,7.00,2,2,3,1,4192,0,0,2
2,1,518476,,40,24,3,,,1,2,3,4,,1,,1,,40.00,6.60,,,3,1,3852,0,0,1
1,1,5305629,38.2,68,40,,,5,2,5,3,2,2,3,6.20,1,,57.00,70,3,,2,1,4345,0,0,2
1,1,518476,38.5,42,36,1,3,1,2,5,3,1,2,2,,4,,36,67,1,2,3,1,6130,0,0,2
2,9,518476,38,132,18,1,3,,1,1,,3,,2,,,,57.00,6.50,,,2,2,1531,0,0,2
1,1,5305629,38.90,52,40,1,1,3,3,1,1,3,,,,2,4,65.00,70,3,1,1,1,1952,0,0,2
1,9,518476,,104,70,3,1,4,2,2,,2,,,,,,57,6.80,3,,1,1,4280,0,0,1
2,1,518476,,44,36,,2,1,1,5,2,4,2,3,,4,,47.00,7.70,,,1,2,234,0,0,2
1,1,518476,,40,,1,1,,2,5,3,1,3,3,,4,,34,7.70,2,4.10,1,1,3722,0,0,2
2,1,518476,38.80,88,40,,,6,1,3,3,2,,,2,,1,42,56,,,1,1,3608,0,0,2
1,1,518476,38.3,64,30,1,1,5,1,3,3,3,1,3,1,1,1,42.00,61,3,,2,1,12869,0,0,1
1,1,518476,38.30,96,,1,1,5,2,1,3,3,3,3,2,4,5,,6.60,1,2.50,2,1,2741,0,0,2
1,1,518476,37.50,,26,3,1,1,1,3,1,4,1,1,,,1,72.00,8.00,,,1,1,5228,0,0,1
1,1,518476,40.30,40,24,3,3,,,2,3,1,,1,,3,5,66.00,8.50,1,1.60,1,1,2879,0,0,2
1,1,518476,,,80,3,,2,2,5,3,4,1,1,,4,,37,6.60,2,2,1,2,2264,0,0,2
1,1,518476,,64,68,4,1,4,1,3,,,2,1,,,,50.00,7.50,,,3,1,2481,0,0,1
2,1,518476,38.2,44,16,1,3,2,1,,,,1,1,,,1,47.00,66,,,1,1,3508,0,0,2
2,1,518476,,48,20,2,1,1,1,2,3,,1,,,,5,40.00,,,2,1,2,4363,0,0,2
2,1,518476,,52,28,4,3,,1,5,3,3,,3,,1,5,48.00,7.30,,3.70,1,2,2905,0,0,1
2,1,518476,37.50,40,,1,1,6,2,,3,2,,1,,3,5,65,,3,1,1,2,1761,0,0,1
1,1,518476,37.8,100,24,2,1,3,1,5,1,,1,2,7.00,4,,37.50,9.00,3,2.80,1,1,2506,0,0,2
2,1,518476,38.1,100,88,1,1,2,1,,4,1,2,3,,3,4,36.00,61,1,,1,1,1800,0,0,1
1,1,518476,38.5,120,12,,1,1,1,,3,1,1,1,7.20,,4,38.00,,,3.90,1,1,4605,0,0,1
2,1,518476,,80,20,4,3,6,1,,4,1,,2,,4,1,45.00,6.50,3,1,3,1,1110,0,0,1
1,9,5305629,38.30,108,36,2,1,1,1,3,1,2,,,,3,,52,7.40,1,2.80,3,1,7609,0,0,1
2,1,518476,37.90,40,,1,1,5,2,3,3,2,3,1,6.50,1,5,35.00,65,,,1,2,1746,0,0,2
1,1,518476,,40,12,3,3,1,2,3,4,4,1,1,,1,,69.00,,1,,1,1,7882,0,0,1
1,1,518476,38.20,60,24,2,,1,3,2,3,3,1,,5.50,,,37.00,7.50,1,,1,2,1498,0,0,2
2,9,518476,38.0,36,24,1,1,6,1,1,,4,2,1,,1,,48,9.10,3,,3,1,5714,0,0,2
2,1,518476,37.4,120,60,3,1,3,2,5,,,1,2,1.50,3,,37,7.30,,2,2,2,207,0,0,1
1,1,518476,39.20,48,18,2,,5,1,2,,1,,,,,5,,,3,,1,1,1140,0,0,1
2,1,518476,37.90,,16,1,3,,2,5,3,1,,1,,4,,38.00,,1,5.20,1,1,10943,0,0,1
1,9,518476,38.60,,16,3,,4,2,,4,,1,1,,3,,,6.70,2,1,1,1,6659,0,0,2
2,1,518476,38.00,,16,3,3,6,2,4,3,1,,,,,5,49.00,4.90,,,1,2,12265,0,0,1
1,1,518476,,42,12,3,,4,1,2,3,4,,1,,3,5,67,4.50,,,3,1,2454,0,0,2
2,1,518476,39.2,44,16,,,5,2,2,4,1,2,1,7.00,,5,55,7.50,3,,1,1,7222,3111,0,2
1,1,5305629,39.4,86,18,3,3,,1,5,3,1,,3,,4,,65.00,8.10,,,2,1,16434,0,0,2
1,1,518476,,96,36,4,,2,1,5,1,,,,,2,5,33.00,70,3,,2,1,7549,0,0,2
2,1,518476,36.60,60,48,2,,6,1,2,4,1,,,,2,5,35.00,66,,,1,2,1030,0,0,1
2,9,518476,38.30,110,,4,1,2,1,5,4,1,1,,2,1,,26,65,1,,2,2,560,0,0,2
2,1,518476,38.00,52,66,3,1,3,2,1,4,1,1,1,,,,37,8.10,,,2,2,1805,0,0,2
1,1,518476,,52,42,1,1,2,2,,3,2,3,1,,,5,37.00,6.50,,,1,1,2931,0,0,2
1,1,518476,37.5,84,12,3,3,,,4,4,3,2,2,6.50,4,5,44.00,69,3,,1,1,7191,0,0,2
2,1,518476,,,12,4,,,1,2,3,1,,2,,1,5,49.00,8.20,,,2,2,883,0,0,1
2,1,5305629,37.80,52,40,4,3,1,2,2,4,3,1,1,,3,,23.00,60,1,2,1,2,3696,0,0,2
1,1,518476,,70,30,2,1,3,1,5,3,2,3,3,,,1,44.00,7.00,2,1.30,1,1,6455,0,0,1
2,1,518476,38.2,44,51,3,1,2,2,3,3,4,1,1,,,5,31.50,9.10,,,1,2,8390,0,0,2
2,1,5305629,40.30,124,,1,1,4,,1,1,,1,1,,,4,56,7.20,1,4.80,2,2,4726,0,0,2
2,1,518476,37.60,96,20,4,1,1,1,1,3,3,3,,,,5,42,8.00,,,1,2,887,0,0,2
1,9,518476,38.20,56,20,4,,1,1,4,3,2,,1,,3,1,43.00,51,1,1.50,1,1,2357,0,0,1
1,1,518476,38.6,,90,,,1,1,1,,1,2,,,4,5,75.00,8.10,,,1,1,1607,0,0,2
1,1,518476,,48,24,3,,2,1,3,3,2,1,1,,3,,45.00,7.20,1,,1,1,3236,0,0,1
1,1,518476,38.5,54,12,1,1,1,,2,4,1,,1,,4,,42,3.30,,,2,1,4544,0,0,2
1,1,5305629,,38,36,4,1,,1,3,,,2,1,4.30,,4,44.00,8.00,2,,3,2,4830,0,0,1
1,1,518476,38.30,36,26,3,1,,2,,3,2,2,1,7.00,2,2,41.00,,,,2,1,7452,0,0,2
2,1,518476,37.8,68,40,3,,1,2,2,1,3,,1,,1,5,24.00,6.60,,,1,2,1341,0,0,2
1,1,518476,38.60,66,32,3,3,,,5,1,2,,,,4,,47.00,67,,,1,1,6648,0,0,1
2,1,518476,,150,36,1,1,,1,,3,,,1,,3,5,,7.00,3,2,1,1,1633,0,0,1
1,1,518476,,48,30,,3,1,1,3,3,2,1,2,,,4,50,6.70,,1.30,2,1,4935,0,0,2
1,1,518476,37.70,70,,3,1,2,1,5,4,4,2,1,,4,,42.00,61,,,3,2,3239,0,0,2
2,1,518476,,72,24,4,1,,,,1,3,1,,,,,45.00,7.00,,,1,2,351,0,0,1
1,1,518476,39.30,48,35,1,1,3,,5,3,4,2,,,4,5,37.50,51,,,1,2,1261,0,0,2
2,1,518476,37.50,40,30,3,,1,1,1,4,3,2,,,1,5,46,8.00,2,,1,1,3971,0,0,2
1,1,518476,38.90,,20,3,1,4,1,1,,1,2,1,,4,4,55.00,65,1,3.20,3,2,5533,0,0,1
2,1,518476,38.1,56,30,3,4,3,1,,4,3,,2,,4,4,44.00,7.00,2,,1,2,3205,0,0,2
1,1,518476,37.60,42,36,2,1,6,2,2,4,2,,,,,3,31.00,8.00,1,2.60,1,2,4367,0,0,1
1,1,5305629,38.5,40,,,,2,2,1,3,,1,1,,4,1,64.00,6.10,1,2,2,1,12878,0,0,1
1,1,518476,39.00,64,16,1,1,,1,4,1,4,,,,,,30.00,4.70,3,2,1,2,6282,0,0,2
1,1,518476,39.50,56,,1,1,1,2,,3,2,,,,2,5,36.00,66,,,1,1,4409,0,0,2
1,1,518476,,40,,3,3,1,2,1,3,3,,1,,,5,,7.20,,,2,1,23753,0,0,2
1,1,518476,,52,,2,3,1,2,5,4,3,3,3,,4,,58,7.70,,3.60,2,2,4412,0,0,2
2,1,518476,39.10,100,16,3,4,1,2,5,3,2,2,,,,4,44.00,7.60,,,3,2,4784,0,0,2
2,1,518476,36.00,86,42,2,1,2,,2,3,3,,,,2,,63.00,66,,,1,2,1625,0,0,2
2,1,518476,38.60,,,,1,3,1,1,3,2,1,1,,,4,39,6.60,,,1,2,348,0,0,2
1,1,518476,37.1,60,36,2,3,4,,1,3,3,,,5.30,4,,33,7.80,,,3,1,11812,0,0,2
2,1,518476,38.40,80,,4,3,1,2,,4,1,1,1,,,5,24.00,8.10,,,2,1,2626,0,0,1
1,1,518476,37.8,42,16,3,,2,1,2,3,3,2,1,,3,1,,7.80,,1.00,2,1,5441,0,0,2
1,1,518476,37.9,40,,1,1,5,2,1,2,3,2,,,4,,39.00,5.50,2,5.30,1,2,4441,0,0,1
1,1,518476,37.40,96,,1,3,,1,1,1,1,,,,,5,46,4.50,,,1,2,9522,0,0,1
2,1,518476,37.3,90,16,3,3,,1,2,,,,1,5.30,,5,65,7.60,,,2,1,2810,0,0,2
1,1,518476,37.60,,42,1,1,1,2,,,4,2,,,3,1,35,58,,,1,2,6782,0,0,2
2,9,5305629,,66,,3,,3,1,3,4,3,2,3,,4,5,,6.50,,,1,2,2312,0,0,2
1,1,518476,38.40,40,20,3,1,1,1,1,,1,,1,,4,3,35.00,61,,,1,2,521,0,0,2
1,1,518476,38.2,40,20,1,3,2,1,2,4,2,,,,1,,64.00,8.50,2,,3,2,1946,0,0,2
1,1,518476,39.5,100,20,3,1,,1,1,,1,,,,4,,58.00,13,,,2,1,548,0,0,2
2,1,518476,38.20,72,48,2,3,3,2,3,4,1,3,1,,,,37.00,7.20,1,,2,1,8033,0,0,1
2,1,518476,39.50,60,12,2,,4,1,2,3,,2,2,,4,,46.00,7.80,3,2.80,3,2,1764,0,0,1
1,1,518476,38.5,128,30,1,,1,1,4,,3,,1,4.00,,5,47.00,8.60,,1.00,1,1,4528,0,0,2
2,1,518476,38.7,40,,3,,1,1,3,,3,1,,,,5,43,6.10,,1,1,1,4465,0,0,2
2,9,5305629,38.60,52,12,1,3,1,,1,,,,1,,,,42.00,62,1,3.90,1,2,721,0,0,1
1,1,518476,39.30,64,50,,1,2,2,4,3,2,2,3,,,3,65.00,7.50,,,1,2,3234,0,0,2
2,1,518476,38.50,48,35,3,1,3,1,,3,3,1,,,4,5,51,81,2,,3,1,2581,0,0,2
1,1,518476,,48,28,,3,1,1,,3,2,2,2,,,,36.00,6.50,,1,2,1,4771,0,0,1
1,9,518476,37.8,,12,1,3,3,,2,1,1,,,,,1,43,6.20,,3.90,1,2,4072,0,0,2
2,9,518476,,120,32,1,1,3,1,2,3,,1,2,,,5,58.00,7.0,,2,1,1,1609,3112,0,1
1,1,518476,37.30,54,24,3,1,3,3,1,1,,,2,,,5,38.00,74,,,1,1,2798,0,0,2
2,1,518476,,84,36,3,3,5,2,2,4,1,2,1,6.50,4,5,36.00,7.50,,,2,1,6106,0,0,2
1,1,5305629,38.60,96,28,,3,4,1,4,4,1,,,,,5,,7.20,,2,3,1,7764,0,0,2
1,1,518476,37.20,44,32,1,1,5,1,5,,3,2,3,5.40,1,4,65.00,10.2,,,3,1,4119,0,0,2
1,1,518476,37.20,,20,2,3,1,1,3,2,3,,1,,1,,44.00,7.50,,,1,1,8582,0,0,2
2,1,518476,38.50,72,,2,3,1,2,,3,1,,,,,5,45.00,8.40,,,2,1,9632,0,0,2
1,1,5305629,38.30,60,,3,,,1,3,,1,,,,,2,48.00,6.80,,,1,1,1595,0,0,2
1,1,518476,38.50,60,36,2,1,4,1,3,3,,,2,,1,5,43.00,,,4.10,1,1,5197,0,0,2
2,1,518476,38.7,92,80,1,1,4,,3,3,,1,,,4,4,41,,2,,1,2,1447,0,0,2
2,1,518476,38.30,108,12,2,2,6,1,4,1,,1,3,,3,5,64.00,7.00,,1,1,1,2104,0,0,1
2,1,518476,38.0,60,,3,3,1,1,5,,1,,,,4,5,42,5.50,1,3.30,1,2,597,0,0,1
2,1,518476,37.40,48,70,4,1,2,1,1,1,4,,2,5.00,,5,43,6.50,,,1,2,572,0,0,1
1,1,518476,38.0,100,9,,,5,1,3,1,2,,1,,3,5,36.00,56,,,1,2,5918,0,0,2
1,1,518476,39.2,40,16,,3,5,1,2,4,3,1,,,1,5,46.00,6.20,1,1,1,1,5625,0,0,2
1,1,518476,39.20,60,,1,3,3,1,2,3,,,,,4,,57.00,4.90,,3.60,2,1,8587,0,0,1
2,9,518476,38.20,60,36,,,1,2,1,,1,2,3,,,,,76,,,1,1,4340,3111,0,2
2,1,518476,39.40,60,20,1,3,,1,3,2,1,,,,,,38,8.10,,2,1,2,2545,0,0,2
1,1,5305629,,68,36,3,1,3,2,,4,4,3,1,7.00,,,37,,,,2,1,8467,0,0,1
2,1,5305629,38.50,48,,3,,2,2,5,3,1,,2,4.00,,5,50,6.10,1,5.00,2,1,13115,0,0,1
1,1,518476,38.30,40,20,1,1,6,1,,3,2,,,,1,4,43.00,6.80,,,1,1,5274,0,0,2
1,1,518476,,60,,4,3,3,2,3,3,1,1,,,,4,56,,2,5.00,2,1,6481,0,0,1
2,1,518476,38.0,98,,4,,1,1,,3,3,2,1,,3,1,37,6.50,2,,1,2,10190,0,0,2
2,1,518476,38.90,,,4,3,,1,5,3,,2,3,,4,,43,72,,,2,2,894,0,0,2
1,1,518476,39.50,36,,2,1,1,1,3,4,3,,1,7.00,3,,47,9.00,,,1,1,6102,0,0,2
1,1,518476,,60,20,4,1,3,1,4,3,,2,,,1,5,44.00,9.10,2,,1,1,5281,0,0,2
1,9,518476,36.50,48,,1,3,1,,2,1,1,,,,3,,50,8.40,,,2,1,2974,0,0,2
1,1,5305629,37.60,52,,4,3,4,2,1,3,3,3,3,,4,5,46.00,5.90,1,,2,1,5621,0,0,2
2,1,5305629,38.30,48,48,1,1,3,1,2,,3,2,1,2,,3,54.00,7.50,,,2,1,3434,0,0,2
2,1,518476,38.10,60,,,3,5,1,3,4,4,,1,,1,5,37.00,6.00,1,,1,2,467,0,0,2
2,1,518476,36.80,54,72,3,1,3,1,4,2,4,1,,,2,5,40.00,7.70,2,2.80,1,1,2021,0,0,2
1,1,518476,38.0,,20,3,,,1,4,3,2,,1,,,5,43.00,7.50,,3.40,2,1,8475,0,0,1
1,1,518476,38.7,128,16,3,3,6,2,,3,,2,3,,4,5,47.00,6.60,1,,2,1,8871,0,0,2
1,1,518476,38.7,54,16,,3,6,2,3,3,1,2,3,6.50,1,,42.00,67,,,1,1,2276,0,0,2
2,1,518476,37.80,184,9,,1,1,1,5,3,1,2,1,6.50,3,5,39.00,50,,,1,2,936,0,0,2
1,1,518476,38.2,88,,3,1,1,1,2,3,1,2,1,,4,2,45.00,6.50,2,1,1,1,2060,0,0,2
2,1,518476,37.20,,,3,1,4,1,3,3,1,1,3,7.00,1,5,43.00,6.50,,,1,2,4844,0,0,1
1,1,5305629,38.8,68,18,1,1,4,1,5,1,4,3,1,,,4,36.00,8.30,1,,1,1,15595,0,0,2
1,1,518476,37.5,42,,3,1,6,1,3,3,2,3,1,,1,5,35.00,6.60,,,1,2,4876,0,0,2
2,1,518476,39.20,48,,1,1,1,1,,1,1,2,3,,4,4,46.00,7.20,,4.10,1,1,3835,0,0,2
2,1,518476,38.5,44,12,1,3,1,1,1,1,2,1,,,4,5,36.00,6.40,,,2,2,3649,0,0,1
1,1,518476,37.50,,,1,3,1,1,5,4,2,3,1,7.50,3,4,36.00,7.40,,,1,1,19553,0,0,2
2,1,518476,,50,51,,,,1,,,1,3,3,,,,48.00,,3,2,1,1,1951,0,0,2
2,1,518476,38.30,104,,3,1,5,2,1,1,4,3,3,,4,3,,6.70,,,2,1,1174,0,0,2
1,9,518476,37.50,100,88,3,3,4,2,4,3,,,,,2,5,55,61,,,2,1,12892,6112,0,1
1,1,518476,38.30,44,32,3,3,1,2,5,4,2,,,7.00,4,,67,64,2,,1,1,3902,0,0,2
2,1,518476,,84,40,1,3,1,1,,3,4,2,1,,,,39.00,6.00,,,1,2,1081,0,0,2
2,1,518476,38.80,72,12,1,3,3,1,4,,3,2,1,,,1,48.00,7.00,1,5.00,1,2,6566,0,0,1
1,9,518476,,80,30,4,,1,1,,1,4,1,1,,,,43.00,6.70,,,1,1,7389,0,0,1
2,1,518476,37.40,52,70,1,,6,1,2,4,1,,,,,,42,56,,,2,2,6861,0,0,2
2,9,518476,38.3,96,,,2,2,1,3,2,,1,,,,,41,7.00,1,,1,2,1618,0,0,2
1,1,518476,38.6,72,20,,3,6,,4,3,3,2,,,1,5,60.00,5.30,,,3,2,8782,0,0,1
2,1,518476,37.20,,30,,3,3,1,5,4,2,3,1,,1,5,42,7.40,,,1,2,5656,0,0,1
2,1,518476,37.60,56,10,,1,4,1,3,4,1,2,,,,,72.00,6.10,,,1,2,7395,0,0,2
1,1,518476,38.50,44,24,3,,1,1,2,,,,1,,4,,45.00,80,2,,1,1,1725,0,0,2
2,9,518476,38.00,,84,3,1,4,1,2,3,1,1,,,3,3,57.00,55,,4.10,1,2,902,0,0,2
1,1,518476,37.80,72,,1,1,1,1,3,4,1,1,,,1,5,,81,3,1,1,1,6909,0,0,1
1,9,518476,39.20,124,12,2,1,2,1,1,3,3,,1,,1,5,42,5.90,2,,3,2,3185,0,0,2
1,1,518476,38.00,60,,1,1,,1,1,,1,,1,2,3,,35.00,5.70,,,3,2,212,0,0,2
2,1,518476,,,28,2,1,4,1,4,3,2,2,1,,4,4,41,7.00,,,2,1,349,0,0,2
2,1,518476,37.80,84,18,4,3,4,1,,4,,,1,,,5,44.00,7.40,,2,1,2,2512,0,0,2
1,1,518476,39.50,49,60,1,,,1,2,3,3,2,1,,1,4,,6.40,3,2.50,2,1,6554,0,0,1
1,1,518476,38.00,48,60,3,1,3,1,1,1,2,2,1,,,,56,6.80,2,1,1,1,4051,0,0,2
1,1,5305629,38.60,90,,,,3,,2,4,1,,,,4,3,,61,3,,3,1,12908,0,0,2
2,1,518476,,42,,3,1,3,1,5,3,3,2,1,,4,,37.00,70,,,2,1,6769,0,0,2
2,9,518476,38.2,40,14,3,3,5,2,2,1,1,,,2,3,5,51,7.80,,,3,1,5787,0,0,2
1,9,518476,38.60,42,40,,1,3,2,2,3,2,1,2,,4,5,50,8.50,1,7.00,3,1,2795,0,0,1
1,1,518476,38.0,72,20,2,3,1,1,1,3,3,,2,,2,2,32.00,60,2,,1,1,2679,0,0,2
1,9,518476,38.7,100,24,3,,3,1,5,4,,,1,,3,,36,58,2,,1,2,3949,0,0,2
2,1,518476,37.50,42,84,2,3,6,1,1,3,,,3,,,,36.00,65,,2.80,1,2,815,0,0,1
1,1,518476,38.20,120,30,3,3,3,2,2,4,,2,,,1,2,50,6.60,,1,2,2,931,0,0,2
1,1,518476,38.1,66,24,1,4,4,1,2,2,1,1,1,,,5,42.00,6.30,,1,1,1,6530,0,0,2
2,1,518476,37.8,114,34,4,3,3,1,,3,1,1,2,,3,,,7.60,,,1,1,6169,0,0,1
1,1,518476,,124,16,3,4,3,,2,4,4,2,3,,1,4,,75,3,,1,1,15717,0,0,1
2,1,518476,38.40,64,30,4,,1,1,1,1,1,,2,,,,33.00,6.40,,,1,1,9825,0,0,2
1,9,5305629,,48,60,1,3,4,1,1,,,,,,,,57.00,,3,,2,2,2232,0,0,2
1,1,518476,38.50,164,36,3,1,2,2,2,3,4,2,1,,4,,41.00,7.00,2,,1,1,3100,0,0,2
2,1,518476,37.9,68,,1,1,6,2,2,4,4,,,,3,,52.00,64,3,6.60,2,1,452,0,0,1
2,9,5305629,,184,12,1,1,1,1,4,1,,2,2,7.00,,5,,60,1,5.20,1,2,3792,0,0,2
1,1,518476,,92,20,3,3,1,2,,4,2,1,3,,4,,,7.50,1,2,1,2,1619,0,0,1
1,1,518476,37.80,78,24,2,1,3,1,,4,1,2,1,,1,,55,7.80,1,2.80,1,1,10210,0,0,2
2,1,518476,40.00,68,68,3,3,3,1,1,3,3,1,3,7.50,4,4,48,58,1,4.80,1,1,4973,0,0,1
2,1,5305629,38.3,48,12,3,3,,1,5,4,3,3,2,4.00,4,4,39.00,6.30,,5.00,2,2,7801,0,0,2
2,1,518476,38.20,120,42,1,1,1,2,3,3,4,,,,,4,24.00,6.80,,,3,1,493,0,0,2
2,1,518476,39.10,132,28,3,1,,1,,1,1,,2,,4,5,33.00,6.50,,,1,1,2447,0,0,2
1,1,518476,38.00,56,,1,1,2,1,3,,,,1,,,,41.00,9.00,,,1,1,8080,0,0,2
1,1,518476,38.40,56,,,,3,2,4,3,,2,2,,,5,50,,,,1,2,3250,0,0,2
2,1,518476,38.20,50,30,2,1,4,1,2,2,3,,,4.00,1,2,40.00,,,,1,1,6455,0,0,1
1,1,518476,39.10,130,24,3,1,1,1,1,3,1,2,1,,4,5,55,85,,,3,1,6895,0,0,2
1,1,518476,38.40,48,44,1,3,5,1,2,,2,,1,,2,,42,7.90,,,1,2,5306,0,0,2
1,1,518476,37.80,48,24,,3,3,2,3,3,2,1,2,,,,53.00,7.50,,1.40,2,1,1213,0,0,2
2,1,518476,,46,40,3,3,4,1,2,3,3,,3,,,,40.00,6.50,2,,3,1,11910,0,0,2
2,1,518476,38,84,30,1,1,6,1,,3,2,2,,,4,5,34,6.10,,2.60,2,1,4418,0,0,2
1,1,518476,38.7,56,16,3,1,4,1,1,3,4,1,3,7.50,3,5,,76,2,2,2,1,1751,0,0,2
1,1,518476,38.2,88,20,1,,1,2,,,4,,1,5.50,4,1,44.00,,,,3,2,2142,0,0,1
1,9,5305629,39.10,68,30,3,1,1,1,3,4,3,3,1,6.50,3,,45.00,6.50,,,2,1,10671,0,0,2
1,1,518476,39.40,54,40,4,1,2,1,5,3,2,2,1,7.00,4,,41.00,6.60,1,10.10,1,1,5305,0,0,2
2,1,518476,37.20,104,,3,3,6,1,1,4,3,1,1,,1,5,40.00,7.00,,,1,2,9551,0,0,2
2,1,5305629,,60,28,2,3,1,1,3,2,,2,,5.00,,3,45.00,7.00,,,2,2,1006,0,0,2
1,1,518476,37.9,120,,2,3,4,2,5,4,2,1,3,,1,5,42.00,77,3,,1,1,3381,0,0,2
2,1,518476,38.2,40,12,1,1,1,1,,2,,,1,,,5,70.00,81,,,1,2,4182,0,0,2
2,1,518476,38.2,40,24,,3,3,1,3,3,,2,1,3.00,,5,50,68,3,5.00,1,1,14889,0,0,1
2,1,518476,38,60,20,3,1,1,1,,3,1,,,,,5,50.00,8.60,3,1,2,2,2568,0,0,2
1,1,518476,39.00,120,22,3,1,3,1,2,4,2,,3,,4,5,65,6.80,3,,1,2,4922,0,0,2
1,1,518476,,60,,1,1,5,2,2,4,,1,3,,,3,37.00,7.70,3,7.00,1,2,11596,0,0,2
1,1,518476,38.60,46,88,3,3,4,,2,3,3,2,,,4,,,64,,2,2,1,7985,0,0,2
2,1,518476,,52,,3,1,3,1,,3,1,,,7.00,,1,,6.50,2,,1,2,2214,0,0,1
1,1,518476,38.40,42,40,3,,1,1,2,2,2,3,3,7.50,,,38,,1,,1,1,16102,0,0,1
1,1,518476,37.50,84,,1,3,3,,3,3,3,2,1,,,,38,8.90,,2,1,1,3499,0,0,2
1,1,518476,38.1,130,30,2,,1,2,,4,1,,2,5.00,3,,42.00,8.7,,,1,1,3845,0,0,2
2,9,518476,38.5,88,24,2,3,,1,2,3,1,,,,,1,50.00,65,1,1,2,1,6725,0,0,1
1,1,518476,37.8,86,30,1,1,3,1,3,3,,,1,,2,,50,7.50,,,2,1,6852,0,0,2
2,1,5305629,38.40,,,,1,1,2,4,2,1,2,3,,1,,48.00,5.50,,,2,1,1878,0,0,2
2,1,518476,38.30,76,40,3,4,4,2,4,1,2,2,1,7.50,1,4,57,7.00,1,,1,2,410,0,0,2
1,1,518476,37.5,108,32,1,1,2,1,4,1,1,2,1,,1,5,43.00,8.60,,,2,1,3094,0,0,2
1,9,518476,,72,,4,1,1,1,4,3,2,1,,,1,,,7.50,2,,1,1,2811,0,0,2
1,1,518476,40.30,42,,3,,2,2,3,4,1,2,1,,4,,40.00,56,1,,1,1,4820,0,0,1
2,1,518476,38.90,48,12,2,1,3,1,4,1,1,,,,,,55.00,8.90,,,1,2,171,0,0,2
1,1,518476,,80,20,2,1,4,1,,3,1,,,4.30,3,,48,,1,3.00,1,2,4674,0,0,1
1,1,5305629,,48,32,1,,4,,4,1,3,2,,,1,5,37.00,8.30,,,1,1,4886,0,0,2
2,1,518476,,104,,2,1,2,2,4,3,,1,,,3,,41.00,6.20,,1.00,1,2,107,0,0,1
1,1,518476,38.10,140,24,4,,4,1,2,3,1,1,3,,,,36,5.80,,,3,2,4278,0,0,2
1,1,5305629,38.60,40,12,1,1,,1,3,3,3,3,1,,4,4,50.00,,3,2,2,1,13717,0,0,2
1,1,518476,37.8,54,20,3,1,1,1,4,3,1,,2,,,1,34,75,,3.20,1,1,4376,0,0,2
1,1,518476,39.20,84,,1,3,5,1,4,,2,,1,6.50,,2,26,6.60,2,,3,1,9097,0,0,1
2,9,518476,37.50,66,,3,1,,3,5,2,3,,,,4,4,54.00,11.00,,,1,2,1055,0,0,2
1,9,518476,,52,16,3,,,1,3,,1,,,,,,38.00,6.60,,,2,1,3198,0,0,2
2,1,518476,,42,42,,,,,5,4,1,2,1,,,,55.00,7.50,,,1,2,5569,0,0,1
1,9,5305629,,60,36,3,1,5,1,3,2,2,,,,,,44,69,,,2,2,3068,0,0,1
2,1,518476,38.60,,32,3,3,3,2,5,3,3,2,3,3.00,,,,65,1,,2,2,1508,0,0,1
2,1,518476,,104,24,3,1,2,1,2,3,1,,1,,,5,37.00,6.00,,2.30,1,2,2393,0,0,2
2,1,518476,38.7,56,16,3,3,6,1,2,4,4,2,3,,3,3,50.00,6.60,1,,1,1,8565,0,0,1
1,1,518476,38.50,60,20,,3,1,1,4,3,1,,3,,1,,38.00,7.00,2,,3,2,822,0,0,2
1,1,518476,39.00,120,,3,3,4,2,5,4,2,2,2,,,4,46.00,8.10,1,3.30,2,1,5070,0,0,1
2,1,5305629,38.20,42,,1,1,6,3,1,2,3,,,,,4,42.00,62,2,,1,1,1608,0,0,2
2,1,518476,38.80,112,,1,,6,2,2,4,2,1,1,7.00,3,,33,7.00,2,1.50,2,2,2916,0,0,1
1,9,518476,37.80,60,12,2,1,6,1,,3,1,,,,1,2,23.00,53,1,1,1,2,1955,0,0,2
1,1,518476,,48,16,,3,,1,3,4,1,2,,,1,5,49.00,6.60,2,,2,1,4107,0,0,2
1,1,518476,40.00,60,14,3,,4,1,2,4,,,,,4,,34.00,60,,,2,2,3818,0,0,1
1,9,518476,37.20,96,36,3,1,5,3,,,1,1,,,,4,,7.20,,,3,2,1269,0,0,1
1,1,5305629,37.30,124,48,3,3,1,1,2,,1,2,1,3.50,,4,37,8.10,1,,1,1,16113,0,0,1
1,1,518476,37.70,76,32,4,3,3,1,5,4,2,,1,6.20,1,5,42.00,5.80,,,2,1,3972,0,0,2
1,9,518476,,,,1,1,4,1,2,,2,,1,,1,5,53.00,58,2,,2,1,2572,0,0,2
1,1,518476,,100,24,3,,2,1,4,3,2,1,3,,1,5,66.00,6.50,,,2,1,8576,0,0,2
1,1,518476,,,,3,1,3,1,2,3,,2,,,4,5,47.00,6.60,,2,1,2,471,0,0,2
1,1,518476,39.4,42,12,4,3,5,1,,4,,1,1,5.00,3,1,36.00,5.70,,2,1,1,4215,0,0,2
1,1,518476,38.10,66,,2,3,1,1,1,1,3,3,1,,3,,59.00,81,3,1,1,2,30,0,0,2
1,1,518476,,48,40,3,,3,2,3,3,4,2,,,3,5,45.00,6.70,,3.90,2,1,15688,0,0,2
2,1,518476,37.7,80,21,3,,5,1,,3,,3,3,5.40,3,1,52,7.60,3,2,1,1,2310,0,0,1
1,1,518476,,48,,4,,4,2,2,4,4,,2,6.50,,5,52,5.50,,4.70,3,1,4591,0,0,2
1,1,518476,38.3,,16,3,1,1,1,3,3,,,1,5.00,2,2,52.00,7.40,,3.90,1,1,1700,0,0,2
1,1,518476,37.8,100,20,1,2,1,2,1,3,4,2,1,4.50,2,3,54.00,,2,,1,2,1588,0,0,2
1,1,518476,38.1,60,72,,,3,1,,1,3,3,1,,3,2,68.00,6.00,1,1,3,2,6040,0,0,2
2,1,518476,37.60,120,,,1,1,1,4,,1,2,,,1,3,,6.30,,1,1,1,3625,0,0,2
2,1,518476,,48,18,,1,1,1,4,,2,3,,,,,41,64,,,1,1,6310,0,0,2
2,1,518476,38.5,72,28,3,,3,2,,3,2,2,1,4.00,4,5,58.00,50,2,,2,2,2346,0,0,1
2,1,518476,,72,20,3,3,1,1,1,3,3,1,,,,1,46.00,8.40,,,2,2,1191,0,0,2
1,1,518476,38.5,100,40,3,3,1,2,2,4,1,,3,,4,2,31,11.00,1,2,1,1,7646,0,0,1
1,1,518476,,78,36,1,,4,1,1,3,2,2,3,5.00,4,5,40.00,8.7,,2,1,1,1835,0,0,1
1,1,518476,37.80,100,68,1,3,2,1,2,4,2,3,1,5.50,4,,36.00,,1,3.40,1,2,4948,0,0,1
2,1,5305629,37.80,60,16,3,,,1,,3,,1,2,,1,,45.00,,2,,1,2,1977,0,0,2
1,1,518476,37.7,52,48,3,3,6,1,2,3,3,3,3,,1,5,45.00,65,,,2,1,6564,0,0,2
2,1,518476,,52,,4,1,3,1,2,4,4,,3,,1,5,63.00,56,,,1,1,5148,0,0,2
1,1,518476,37.80,64,,,,,1,5,3,,2,1,,3,4,40.00,6.10,1,,3,1,2850,0,0,2
2,1,518476,39.40,60,36,1,4,2,1,4,3,4,2,3,,3,5,52,6.80,,,1,1,2029,0,0,2
2,1,518476,36.50,84,18,4,4,3,,2,1,1,,,4.00,4,3,37.50,7.10,1,,1,2,1559,0,0,2
2,1,518476,37.50,40,20,1,1,2,1,,3,2,,1,,4,,48,57,,,1,1,387,0,0,1
1,1,518476,38.20,56,,4,1,4,,1,4,1,,,,4,,50,61,3,,1,1,1626,0,0,2
2,1,518476,38.1,100,,1,3,3,1,3,3,2,2,1,,1,,60.00,61,,5.30,3,2,3639,0,0,1
2,1,518476,38.40,48,16,4,1,1,,2,4,,2,1,,,,57.00,89,,,1,2,1522,0,0,2
2,1,518476,37.5,86,40,3,1,4,1,2,3,2,,3,5.50,,5,47.00,77,,,2,2,7470,0,0,1
1,1,518476,38.60,112,24,1,3,,2,3,4,1,2,3,,4,1,39.00,7.70,3,1,3,1,4108,0,0,1
2,1,518476,38.40,86,48,3,1,4,,1,3,1,2,1,,,2,38.00,,1,1,2,1,7177,7111,0,1
1,9,5305629,38.0,98,16,3,,3,2,2,3,1,,1,,3,3,37,7.70,,,3,2,2044,0,0,2
2,1,518476,,88,,1,3,4,1,,,3,,1,,1,,60.00,6.50,,,2,2,1045,0,0,2
1,1,518476,36.5,,25,3,3,4,1,5,4,1,1,,,1,,49.00,6.00,1,,1,1,4711,0,0,2
1,1,518476,38.6,108,88,1,,,1,2,1,3,1,,,,,52.00,8.50,1,,1,1,3404,0,0,2
2,1,518476,38.1,54,30,2,1,2,2,1,3,2,,,7.00,2,,39.00,56,,,2,2,934,0,0,1
1,1,518476,38.80,48,70,3,,1,2,4,2,1,,1,7.00,,4,44,7.10,,,1,1,681,0,0,2
1,1,518476,38.10,,32,,1,1,1,4,1,2,1,3,,,4,44.00,7.20,1,,1,2,1976,0,0,2
2,1,518476,38.5,40,24,,1,5,1,3,2,3,2,,,,2,58,7.2,2,,1,2,1086,0,0,2
1,1,518476,38.5,,,,1,,1,,3,,2,1,,3,5,37.00,50,,,1,1,4535,0,0,2
1,1,518476,37.00,80,,3,3,,2,5,4,1,1,3,2,3,5,37,6.60,2,2,1,2,1044,0,0,2
1,9,518476,38.10,,36,1,1,5,1,4,1,4,,1,,1,,49.00,6.70,,,1,1,2462,0,0,2
2,1,518476,38.1,40,24,1,1,1,,,3,2,2,3,,4,5,43.00,70,,,2,1,2785,0,0,2
1,1,518476,,68,24,1,1,5,2,5,3,4,2,1,,4,5,39.00,7.50,1,,1,1,1606,0,0,1
1,1,518476,40.30,72,16,3,,3,1,3,3,2,,1,,2,1,57.00,56,3,4.10,1,1,3402,0,0,2
1,1,518476,38.40,80,18,3,3,4,1,3,,1,2,,,,2,39.00,6.40,,,1,1,3327,0,0,2
2,1,518476,38.7,45,20,1,1,2,1,3,3,3,2,3,7.50,3,,35.00,5.90,3,,2,1,1825,0,0,2
1,9,518476,,52,,3,3,1,1,5,4,4,1,2,7.50,,,45.00,6.60,1,,1,1,6621,0,0,1
2,1,518476,38.2,40,28,3,1,4,1,4,,1,,1,,3,5,49,5.30,,,1,1,5213,0,0,1
1,1,5305629,37.80,68,20,,3,3,1,3,3,,,1,,4,5,40.00,7.2,3,,1,1,13832,0,0,2
1,1,518476,,80,18,3,3,3,2,5,3,4,2,,,,5,50,8.40,,,2,1,5070,0,0,1
2,1,518476,38.60,78,16,4,1,1,1,3,3,1,,1,,4,5,60.00,4.60,1,1,2,2,3802,0,0,2
1,9,5305629,38.2,72,20,1,,4,1,,3,2,,1,2,,4,41,8.50,3,2,1,1,2352,0,0,2
1,9,518476,,48,30,3,1,3,1,1,2,1,1,,,2,4,55,65,,,1,1,7856,0,0,2
2,1,518476,38.3,88,16,4,3,3,2,2,3,3,,,,,5,60.00,66,1,3.70,1,1,5256,3111,0,1
2,1,518476,,42,20,1,1,4,1,5,4,2,,,,4,2,45.00,6.70,,,2,1,6953,0,0,1
2,9,518476,36.50,45,68,2,,5,2,,3,4,1,,,1,,69.00,63,,1,2,1,2456,0,0,1
1,1,518476,,92,,3,3,4,1,4,,1,,,,1,4,54.00,6.50,2,4.50,1,1,3522,0,0,1
1,9,518476,,48,24,3,,4,,3,1,3,2,1,2,4,,,6.10,,,2,1,5165,0,0,1
2,1,518476,36.40,,40,3,3,2,2,5,3,1,3,3,,3,,39.00,7.50,,,2,1,5504,0,0,2
2,1,518476,37.5,112,18,3,3,,1,3,4,2,1,1,,,5,54,7.50,,,3,2,7371,0,0,2
1,1,518476,38.60,,12,2,,1,2,1,3,4,,1,,4,5,23.00,7.50,1,,2,1,496,0,0,1
1,1,518476,,50,16,,1,3,1,3,3,2,2,1,4.50,1,1,47.00,,,2.60,1,1,5064,0,0,1
2,1,518476,38.3,120,16,,3,,2,3,4,1,2,1,,3,,45,5.90,,4.30,2,1,12009,0,0,1
2,1,518476,,40,16,4,,1,,3,,3,,,,,4,66.00,62,,2,1,2,3677,0,0,2
1,1,5305629,37.3,66,20,2,,3,,1,3,,1,,,3,4,24.00,74,,2,3,1,2101,0,0,2
2,1,518476,38.3,,30,4,1,4,1,4,1,3,2,1,5.70,4,5,36,65,,2,1,1,6613,0,0,2
1,1,518476,,104,,1,1,1,1,,3,2,,,,3,,,7.00,1,4.10,3,1,2057,0,0,2
2,9,518476,37.60,104,30,,1,3,1,,3,1,,1,,3,,39.00,8.00,,,1,2,2869,0,0,2
1,1,518476,38.6,130,40,,,6,2,2,3,3,2,1,,,5,57,50,2,,3,1,8655,7111,0,2
1,1,518476,39.20,54,35,1,4,1,1,3,4,,2,,,3,,54.00,61,2,,1,1,2532,0,0,2
1,1,518476,39.50,150,20,,1,1,1,4,,1,,1,,1,4,35.00,7.50,,,1,1,5786,0,0,1
1,1,518476,38.00,96,,1,,4,1,1,3,3,,,,,5,48,7.50,,,2,2,3196,1400,0,2
1,1,518476,38.50,,24,2,4,1,1,4,4,4,,1,,,5,46.00,7.20,,,1,2,3531,0,2209,2
2,1,518476,38.20,100,16,,1,1,1,2,2,,,1,,1,4,32.00,8.20,,,2,1,8442,0,0,2
1,9,518476,37.00,65,68,3,1,,1,,1,1,,2,5.50,1,1,31.50,10.2,3,5.20,2,1,6205,0,0,2
1,1,518476,37.80,54,24,1,1,,1,1,3,1,1,1,,4,5,37.00,62,,7.00,3,1,2005,0,0,2
1,1,518476,39.50,104,23,2,1,1,1,5,2,,2,1,,3,3,73.00,57,3,,1,1,2983,0,0,2
2,1,518476,38.50,44,20,3,1,5,1,3,,4,2,3,5.00,,,63.00,6.30,3,3.40,3,2,2156,0,0,1
,1,518476,38.80,,12,3,3,1,1,4,4,,2,3,,1,,45.00,,1,,2,1,9590,0,0,2
1,9,518476,39.90,60,40,,1,3,1,,3,,1,2,,,4,35,54,,3.90,2,2,870,0,0,2
1,1,518476,,92,84,4,1,6,1,1,3,1,,2,1,3,,44.00,67,1,,3,2,905,0,0,1
1,1,518476,36.40,100,,1,,3,1,3,,,,1,,,1,42,64,,,1,1,14805,0,0,1
1,1,518476,,76,18,3,3,3,2,5,4,1,2,,,4,5,57,8.20,,,1,1,18997,0,0,1
2,1,518476,,44,36,3,2,3,1,,,1,2,1,5.30,,4,43.00,6.50,3,2.80,1,2,3428,0,0,1
2,1,518476,,100,72,,1,1,1,2,,1,2,1,,4,,49.00,7.50,,,1,1,431,0,0,1
2,1,5305629,,110,13,1,3,6,1,5,4,,,,,2,,43,4.00,,,1,2,2217,0,0,1
1,1,518476,,,,,3,,1,5,4,,,1,,4,5,60.00,,,,1,1,4699,0,0,2
2,1,518476,,88,,2,3,1,1,,1,4,2,1,,3,2,46.00,6.80,,,2,1,2374,0,0,2
1,1,518476,,,18,4,3,3,2,5,4,,2,1,,,,46,6.80,,,3,1,13120,0,0,2
2,1,518476,38.40,140,20,1,1,3,1,,3,1,1,,,,,,7.70,2,4.80,2,1,7669,0,0,1
1,1,518476,38.10,84,12,4,1,6,1,,,3,2,,,,,,68,2,2,1,1,2610,0,0,2
2,1,518476,,45,14,3,4,1,2,4,1,4,,,3.00,,4,46.00,6.50,,,1,2,818,0,0,2
1,1,518476,39.10,42,,,1,1,1,5,1,,1,,,,4,46,7.00,2,,3,1,5677,0,0,1
1,1,5305629,,64,20,3,3,,1,2,3,3,,1,4.50,1,2,45.00,6.70,1,,1,1,5729,0,0,2
1,1,518476,39.30,112,18,1,1,,1,2,4,3,1,,,,,50.00,7.70,3,,1,1,6503,0,0,2
2,1,5305629,,36,28,3,1,4,1,2,4,2,2,3,,1,5,,7.30,2,,2,2,2912,0,0,1
2,1,518476,37.80,52,18,2,1,4,1,4,3,1,,,,2,5,53,4.00,,,1,1,6658,0,0,2
1,1,518476,38.30,38,48,,,6,1,3,4,2,2,2,,1,,,8.00,3,,3,1,12168,0,0,1
1,1,518476,38.60,40,,,1,5,1,5,3,3,2,,,1,4,40.00,,1,,1,1,9506,0,0,2
1,1,5305629,37.20,50,72,3,3,3,1,,3,1,3,3,,4,1,50.00,64,1,,2,2,510,0,0,2
1,1,518476,37.5,68,16,1,1,4,,3,4,,1,1,4.00,,1,65,4.50,1,4.70,1,2,2388,0,0,2
2,9,518476,38.20,104,30,,3,1,,4,1,3,,,,,,36,7.50,,,1,2,148,0,0,2
1,1,518476,,48,12,1,3,1,2,4,4,2,1,2,,1,5,41.00,8.70,3,3.70,1,1,5918,0,0,2
1,1,518476,38.40,48,20,1,3,4,1,1,4,2,2,1,,3,4,48.00,,2,2,3,1,1086,0,0,1
1,1,518476,39.20,50,21,,,5,,1,1,1,,1,,,4,49,5.90,2,,3,1,6774,0,0,1
1,1,518476,37.90,64,36,1,,1,,2,3,1,,2,,,4,45.00,,,2,1,1,5136,0,0,1
1,1,518476,38.2,48,16,,3,,1,5,3,2,,,,3,5,52,,,,3,1,5812,0,0,2
1,1,518476,38.00,60,42,3,1,4,1,5,3,3,1,,,4,,,70,,,2,1,6395,0,0,2
2,1,518476,38.30,,28,3,4,1,2,2,,4,1,,,,2,50.00,,,2.60,1,2,2810,0,0,2
,1,518476,37.8,68,20,3,3,5,,1,4,2,3,1,,3,,41.00,6.50,1,,1,1,22074,0,0,2
1,1,518476,38.10,60,,3,,1,2,2,3,,2,1,,1,5,43.00,6.50,,,1,2,5878,0,0,2
1,9,518476,37.4,56,30,3,1,1,1,,,1,2,,7.00,3,4,63.00,5.80,,2,2,2,870,0,0,1
1,1,518476,37.80,150,,,,,2,3,3,,3,3,,3,5,47.00,7.20,1,4.80,1,2,8110,0,0,1
1,1,518476,39.50,52,10,1,,2,2,,4,1,2,1,,4,2,44,8.50,,,1,2,1129,0,0,1
2,1,518476,39.30,66,16,2,,6,1,4,3,1,,,,,5,,64,,,2,1,1069,0,0,1
1,1,518476,37.80,60,12,3,1,1,1,2,3,3,2,3,1,4,5,36,4.00,2,,1,1,6466,0,0,2
1,1,518476,,100,30,3,1,4,2,,,4,1,,,,3,72.00,67,3,1,1,1,4578,0,0,2
1,1,518476,38.60,72,,1,1,1,1,3,3,2,2,3,,3,5,44.00,,,,1,1,4345,0,0,2
1,1,518476,37.20,70,18,2,3,1,,2,1,1,,,,1,5,55,,,2,3,1,8580,0,0,2
2,1,518476,37.80,40,12,,1,1,1,4,,3,2,1,,1,5,57.00,6.50,,,3,2,1051,0,0,2
1,1,518476,36.90,90,12,3,1,,1,,3,1,1,3,,4,5,35.00,7.60,,,1,1,13939,0,0,1
1,1,518476,37.8,60,36,3,1,3,1,1,4,3,2,1,,4,2,42,7.60,,,1,2,8383,0,0,2
1,1,518476,37.5,52,16,2,,2,1,1,1,,2,1,4.40,,4,55,7.00,1,,1,2,2186,0,0,1
2,1,518476,37.1,48,12,1,1,1,1,4,1,3,1,,,4,,69.00,46,,,1,1,601,0,0,2
2,1,518476,37.6,48,22,1,1,1,1,4,,1,1,1,5.40,,1,65,,,,1,2,1440,0,0,2
1,1,518476,38.70,52,30,3,1,3,1,2,1,1,1,1,,,1,,7.20,,3.00,1,2,7410,0,0,2
1,1,518476,38.00,68,,1,,,1,4,,1,,,4.00,,5,52.00,70,,,3,2,2676,0,0,2
1,1,518476,38.30,98,51,,,4,2,5,4,1,2,1,,3,4,45,65,1,,1,1,8927,0,0,2
1,1,518476,38.70,146,48,1,1,2,1,1,3,1,1,2,,4,,23.00,7.30,2,,1,2,3667,0,0,2
1,1,518476,38.0,56,,1,3,1,1,2,4,3,,1,,4,,37.00,,1,,1,1,7630,0,0,2
2,1,518476,38.60,70,24,2,2,1,1,1,2,1,2,2,,,4,39.00,5.90,,1,1,2,662,0,0,1
2,1,518476,37.80,,,2,2,6,1,2,,,,,,,5,75.00,,2,,3,1,4563,0,0,1
1,1,518476,40.80,88,16,3,,1,1,1,3,2,2,3,6.20,,4,41,5.30,,2,2,1,169,0,0,2
2,1,518476,37.9,44,30,3,3,1,1,5,4,,2,3,,3,4,35.00,7.30,3,1.00,1,1,4888,0,0,1
2,9,518476,37.80,104,,3,,1,2,2,4,4,,2,7.00,1,1,50,7.70,1,2,2,1,3160,0,0,1
2,1,518476,37.3,72,,1,,,,2,4,3,,,,4,,54.00,7.90,,,1,1,3402,0,0,2
1,9,518476,38.00,64,30,1,,,1,2,3,2,,,,1,1,35.00,6.50,,,3,2,3978,0,0,2
1,9,518476,38.5,52,18,3,2,4,,,2,2,,,,2,,49.00,7.50,,,1,1,9649,0,0,2
2,9,5305629,,120,16,3,1,5,,,,4,1,2,,1,,41.00,71,,,1,1,614,3111,0,1
2,1,518476,39.00,48,24,1,,4,1,4,1,,1,1,,3,4,68,8.10,1,,1,2,7025,0,0,1
1,1,5305629,38.70,40,20,4,1,5,1,,3,,2,,,,4,37,70,1,3.40,1,1,1750,0,0,2
1,1,518476,39.00,40,24,3,3,1,1,2,3,3,,2,,4,5,37.00,7.00,1,,1,1,8732,0,0,2
1,1,518476,38.00,88,,2,1,3,,4,4,1,,,,4,5,52.00,6.80,,4.50,1,2,143,0,0,2
2,1,518476,38.00,120,16,1,3,6,1,4,3,,2,,,3,1,43,7.60,,,3,2,3839,7111,0,2
2,1,518476,37.60,48,60,1,3,1,1,3,2,1,1,1,,,1,65,5.70,,4.10,1,2,966,0,0,1
1,9,518476,36.10,44,18,3,1,3,,4,,,,1,,,3,57,7.90,,,2,1,4385,0,0,2
2,1,518476,39.2,,,,1,3,1,,3,4,,1,,3,5,,,,5.20,1,1,1512,0,0,1
1,1,518476,38.20,30,48,3,3,3,,4,3,3,2,1,6.50,,5,45.00,7.00,3,,2,1,8013,0,0,2
,1,518476,38.50,48,35,1,1,2,1,,4,1,2,,,4,4,50,,1,6.00,1,1,6410,0,0,2
1,1,518476,,38,48,1,2,3,2,4,3,1,3,1,,4,,50.00,65,,3.40,1,2,859,0,0,2
1,1,518476,37.3,92,70,2,3,4,1,3,4,2,2,3,7.00,,5,43,55,1,7.00,3,1,1519,0,0,2
1,1,518476,39.5,150,88,1,3,5,1,5,3,2,,1,,,5,70.00,7.30,,,1,1,4632,0,0,2
2,1,518476,36.50,112,30,3,1,2,3,4,2,,,1,4.00,4,2,60.00,6.60,,,1,1,1336,0,0,1
2,1,518476,37.5,48,24,,1,4,1,5,4,3,2,3,4.00,4,1,49,9.00,1,2,1,2,1615,0,0,2
1,1,518476,38.30,45,,4,4,6,1,1,3,,2,,,,4,,8.10,1,2,1,1,1865,0,0,2
1,1,518476,38.00,54,30,3,1,,2,3,3,4,2,,,3,,70.00,56,3,,1,1,4018,0,0,2
1,1,518476,,96,48,3,1,1,1,5,4,2,1,1,,,,38,6.30,,,1,1,3886,0,0,2
2,1,518476,38.60,44,16,1,1,3,,2,,3,1,,,4,5,,5.70,,,1,2,3101,0,0,2
1,1,518476,38.20,84,16,,1,2,2,2,3,,,1,,,5,,6.50,,,1,1,1694,0,0,2
1,1,518476,,66,,2,1,,1,3,3,,,,,1,5,57.00,62,3,,1,1,4225,0,0,2
1,1,518476,39.7,84,48,,3,5,1,3,4,2,1,1,,1,5,37.00,61,,4.50,3,1,8087,0,0,2
1,1,518476,38.10,48,22,,,3,,2,,3,,,,4,4,,,,7.00,1,1,11059,0,0,1
1,1,518476,38.60,92,32,3,1,1,,4,1,4,,,,3,5,47.00,7.00,,,1,2,3030,0,0,2
1,1,518476,37.4,104,,3,1,4,1,5,,,1,1,2,1,5,37.50,5.70,2,,1,1,5598,0,0,2
1,1,518476,38.40,96,96,2,,,,2,3,1,1,1,2,4,,34,69,,,2,2,3618,0,0,2
2,1,518476,38.60,60,24,1,3,6,2,5,4,2,2,1,6.00,,5,58,7.70,,,3,1,4065,0,0,1
1,1,518476,,64,48,3,3,1,1,,4,,,,7.50,,,50.00,5.50,,6.60,3,1,14116,0,0,2
1,1,518476,36.5,72,,3,3,4,1,2,3,2,1,,,1,,45,6.40,,,1,1,6797,0,0,1
1,1,518476,38.00,36,20,1,3,3,1,5,4,,,3,7.50,3,3,44.00,7.2,3,,2,2,9201,0,0,2
1,1,518476,38.10,60,84,2,3,1,1,2,1,1,,1,2,4,5,65,6.00,3,,1,1,4476,0,0,2
1,1,518476,38.2,88,,4,,4,1,,3,3,,,,2,,55,7.00,1,3.30,1,1,6978,0,0,1
1,1,518476,38.40,120,,,,4,1,4,3,,2,3,,1,5,,7.20,1,,2,1,6978,0,0,1
1,1,518476,38.50,60,24,1,,3,1,4,3,1,,,,,5,45,6.40,3,,2,2,1034,0,0,2
2,1,518476,37.4,48,60,3,3,3,2,1,3,,2,3,5.00,,5,39,4.50,2,,1,1,3794,0,0,2
1,1,518476,40.80,78,12,,1,5,2,,3,,1,1,3.00,4,5,39.00,57,,,2,2,936,0,0,2
2,1,518476,36.60,84,12,,3,2,2,1,3,,2,1,,4,5,35,5.70,2,,1,2,3427,0,0,2
1,1,518476,37.10,86,12,4,1,1,1,2,3,,2,,,1,4,42,7.30,1,1,1,1,650,0,0,2
1,1,518476,,44,40,3,1,1,2,,3,2,2,,7.00,1,,41,5.30,3,2.60,1,2,4583,0,0,2
1,1,518476,38.30,,68,1,3,3,1,5,3,3,,,,,,57,5.50,,,3,1,7142,0,0,2
2,1,518476,38.30,44,24,3,1,,1,,3,4,1,1,,1,5,33.00,6.70,1,4.30,1,2,5599,0,0,1
1,1,518476,,60,,1,1,6,1,,3,2,2,1,,,,,8.40,2,,1,1,13249,0,0,2
1,9,5305629,,110,10,3,,3,1,2,,2,1,,,4,4,60.00,64,,,1,2,1687,0,0,1
1,1,518476,38.00,40,,4,3,,1,3,4,1,,2,,,5,43,6.50,,,3,1,9518,0,0,2
1,1,518476,37.50,146,40,1,1,2,1,2,3,2,2,1,,,,36.00,72,,,1,2,1903,0,0,2
1,1,518476,37.30,50,18,2,1,,1,3,3,3,1,,,1,3,34,7.80,,,2,1,4735,0,0,2
1,1,518476,40.00,108,,,3,5,1,2,3,4,,1,6.00,,4,56,8.00,,2.80,2,1,14858,0,0,1
2,1,518476,,60,12,4,1,2,1,1,4,,3,2,,4,4,45.00,85,,,1,2,264,0,0,2
1,1,518476,,60,16,1,1,1,1,2,3,3,2,3,5.50,,2,38.00,6.60,,,1,2,4496,0,0,2
1,1,518476,37.20,98,24,,3,2,1,1,4,3,1,3,,1,1,33.00,6.80,3,,3,1,4415,0,0,1
1,1,518476,37.80,120,24,4,1,,1,4,4,,2,1,,4,,,65,1,1,1,2,4945,0,0,2
1,1,518476,38.50,44,20,,1,3,1,1,3,2,,1,,,,45.00,,2,,2,2,3956,0,0,2
2,1,518476,38.00,40,20,3,1,2,1,4,1,2,2,2,,,,57,6.20,1,,1,1,1863,0,0,1
1,1,518476,,120,,3,3,4,1,2,3,3,2,3,,3,3,48.00,,,3.00,2,1,9044,0,0,2
1,1,518476,,54,,3,3,5,2,3,,4,2,1,,1,,,,2,6.00,2,1,7478,0,0,1
1,1,518476,38.3,,12,,3,1,2,,4,4,3,3,,4,5,50.00,82,2,,1,1,8030,0,0,2
1,1,518476,38.5,52,24,1,,5,,3,3,1,3,1,,3,4,41,8.30,,,2,1,8863,0,0,2
1,1,518476,,92,12,,,1,1,2,3,2,,1,,,1,55.00,6.50,,,2,1,11916,0,0,2
1,1,5305629,38,,,,,,1,5,3,2,1,1,4.40,4,5,34.00,6.90,2,2,1,2,6938,0,0,2
2,1,518476,,70,84,3,,6,2,1,3,4,3,3,,3,,,5.90,1,,1,1,5073,0,0,1
1,1,518476,38.5,129,12,,,3,1,4,1,,,,4.00,4,,43.00,64,1,2,1,2,2052,0,0,2
1,1,518476,38.20,120,68,3,1,3,1,,3,4,1,,,1,5,38,51,,,1,1,4820,0,0,2
1,1,518476,37.80,54,,,1,4,1,1,3,1,3,1,,4,5,32.00,6.50,2,,1,1,309,0,0,2
2,1,518476,,60,18,3,1,4,,,1,1,1,,,,,50,8.30,,,1,1,2495,0,0,2
1,1,518476,39.4,88,,2,1,1,1,3,4,3,2,1,1,3,,,6.60,3,,1,1,5565,0,0,2
2,1,518476,37.90,120,14,4,1,1,1,,3,2,2,1,,,,42.00,76,,,3,2,3358,0,0,2
1,1,518476,37.80,44,36,1,3,2,,3,3,,2,,,1,,48,66,2,,1,2,6591,0,0,2
1,1,518476,38.20,44,96,3,3,,1,2,4,1,2,3,1,,,47.00,6.80,,,1,1,8654,0,0,2
1,1,518476,37.60,96,40,,,3,1,3,3,1,1,1,5.50,1,5,42.00,8.60,,,2,1,3114,0,0,2
1,9,518476,38.50,40,,,1,,1,5,,1,1,3,4.00,2,5,44.00,6.20,,2,1,2,15482,0,0,1
1,1,518476,37.7,40,20,3,1,4,,1,2,,,1,5.40,,4,59.00,,,,1,1,5603,0,0,2
1,1,518476,39.60,44,20,1,,,2,,3,,,,,2,,57,6.40,3,,1,2,3644,0,0,1
1,1,518476,36.50,44,40,1,3,4,1,1,4,3,3,3,7.50,1,,41.00,11.00,1,3.20,2,1,5194,0,0,2
2,1,518476,,120,16,3,3,4,1,,4,,2,1,,4,,57.00,7.60,,,3,2,5295,0,0,2
1,9,518476,,104,20,3,,,1,5,3,1,1,1,,4,4,54.00,6.30,,2,2,1,9853,0,0,2
1,1,518476,38,60,12,3,1,6,2,4,4,4,3,1,,3,2,43,,1,,3,1,15001,0,0,2
2,1,5305629,,44,,1,1,4,1,,4,4,,,,1,5,33.00,,1,,3,2,1022,0,0,2
2,1,518476,39.4,70,28,3,,,1,2,4,3,1,2,,3,5,,7.2,2,3.90,2,1,11717,0,0,2
2,1,518476,36.50,96,28,3,1,3,1,3,1,,1,,,1,3,38,5.90,,5.00,1,2,501,0,0,2
1,9,518476,38.30,42,24,1,,1,2,,4,2,,1,,2,4,33,6.50,,1,2,2,7970,0,0,2
1,1,518476,37.70,80,72,2,,5,1,4,,2,2,,,,2,42,,,,1,2,1480,0,0,2
2,9,518476,37.5,124,44,4,1,1,1,2,1,1,,1,,,4,42,4.60,1,3.40,2,1,3223,0,0,1
1,1,518476,39.10,,10,4,1,1,1,,,3,1,,,4,2,,6.70,2,,1,1,2077,0,0,2
2,9,5305629,39.30,92,26,3,,,,,1,2,,,6.50,4,4,33,53,,,1,1,8387,0,0,2
1,1,518476,,112,16,,,,2,2,4,1,1,1,,,,64.00,65,,,1,1,3358,0,0,2
1,1,518476,,42,,3,3,,1,3,4,,,1,6.50,1,1,38.00,8.50,,2,2,1,15182,3111,0,2
1,1,518476,38.60,84,30,1,3,2,2,,3,,2,2,,4,5,37,53,2,,1,1,7444,0,0,1
2,1,518476,39.2,,24,3,1,1,1,,,4,,,,,5,45.00,6.60,,,2,1,2351,0,0,2
2,1,518476,37.80,,16,4,1,5,2,5,,3,3,3,,4,,48,65,1,3.90,1,2,1426,0,0,2
1,1,518476,,100,20,4,,3,1,,2,1,,1,,4,5,43.00,5.90,,,1,2,397,0,0,2
1,1,518476,38.60,42,28,3,1,1,,2,3,2,2,3,,,,44.00,6.60,,,1,2,2671,0,0,1
2,1,518476,37.5,66,28,1,1,1,,4,,2,2,1,,3,5,41,58,2,1.60,1,2,79,0,0,2
1,1,518476,38.80,48,36,4,3,3,1,3,4,3,,1,,3,1,43.00,6.40,1,2,1,1,6913,0,0,2
2,1,518476,38.3,44,44,1,2,,1,3,,,,,,4,2,40.00,66,,,1,1,2749,0,0,2
2,1,518476,38.00,70,40,3,,1,2,3,4,1,2,1,7.00,4,,50.00,,,4.30,2,2,3301,0,0,2
2,1,518476,39.40,104,18,,3,,,2,3,3,,1,,2,5,34,66,,,1,1,4603,0,0,2
1,1,5305629,39.2,56,24,3,,6,2,2,,1,,1,7.50,,5,37.00,68,,,3,1,6004,0,0,2
1,1,518476,38.40,100,84,3,3,3,1,2,4,,,,1,,,52,7.70,3,3.60,2,1,10605,0,0,1
2,1,518476,38.60,100,48,1,1,1,2,4,3,4,1,,,4,,47.00,6.70,,,1,2,891,0,0,1
1,9,5305629,37.80,36,30,2,1,6,1,1,,1,2,3,,1,2,47.00,66,1,3.60,1,2,8314,0,0,1
2,1,5305629,38.40,96,88,3,3,,1,3,,,,,,,4,42,6.60,,,1,1,8815,0,0,1
1,1,518476,38.60,,,3,1,4,2,5,3,,,,,,,38,7.50,,,1,1,1660,0,0,2
1,1,518476,,48,32,3,3,3,1,,4,,,,,1,4,45.00,7.50,3,2,2,1,9108,0,0,2
2,1,518476,,46,20,3,1,1,2,2,3,2,2,1,4.40,4,,37.00,86,,,3,2,2491,0,0,2
1,1,518476,37.20,48,,1,1,2,2,3,3,3,2,2,,3,5,38.00,6.50,2,,1,2,1879,0,0,2
1,9,518476,38.40,52,88,3,1,4,2,,3,1,1,3,,4,,37,5.90,,,1,1,1544,3111,0,2
1,9,518476,40.00,76,13,1,3,4,1,2,1,1,1,,,1,,60.00,5.30,2,,1,1,2695,0,0,2
1,1,518476,39.10,30,,3,,6,1,2,3,,3,1,,4,4,50,6.40,3,,2,1,5814,0,0,2
1,1,518476,36.00,60,90,,3,6,1,3,4,1,,,3.00,3,4,68.00,,3,4.40,3,1,15750,0,0,2
1,1,518476,38.70,44,12,1,3,1,1,2,3,3,2,1,,1,5,31.50,4.60,,,2,1,5634,0,0,2
2,1,518476,38.40,110,,3,,3,1,3,3,4,1,1,,3,1,51,,3,,1,2,1210,0,0,1
2,1,518476,38.00,,18,,1,3,1,2,,2,2,3,,1,4,43.00,80,,,1,1,4731,0,0,2
1,1,518476,39.50,120,12,3,3,4,1,5,3,2,2,1,,1,5,45.00,8.30,,,1,1,6161,0,0,2
1,1,518476,37.60,44,10,3,3,5,1,3,4,3,3,,,4,3,35.00,6.30,,,1,1,6035,0,0,2
1,1,5305629,38.50,40,16,,3,4,2,5,3,1,2,1,,,5,60.00,6.40,,,1,1,3520,0,0,2
2,1,518476,37.7,80,60,3,4,2,1,3,,1,1,,,4,,42,7.00,3,,1,1,6362,0,0,1
1,1,518476,37.5,,32,,1,2,1,5,,1,,1,2,,4,31.50,6.60,,,2,1,3151,0,0,2
2,1,518476,38.00,120,12,,1,3,1,5,4,1,2,1,,,2,64,11.00,,1.50,2,1,4613,0,0,1
1,1,518476,37.80,72,68,4,1,,,,1,1,1,,,4,5,42.00,6.30,,,3,1,6913,0,0,2
1,1,518476,38.30,84,,3,3,4,1,3,3,,1,,2,2,3,39,,,,2,1,4459,0,0,2
,1,5305629,38.50,65,36,3,3,3,2,5,4,4,3,1,,1,3,45.00,,1,1,2,1,17902,0,0,1
2,1,518476,38.20,40,,3,3,3,1,3,3,,,,,4,4,36,53,,,3,2,69,0,0,2
1,1,518476,38.3,92,50,,3,,1,5,3,3,3,,5.00,4,4,26,57,,2,1,1,8393,0,0,2
2,1,518476,37.9,72,20,3,3,1,2,,4,1,1,1,,1,1,38.00,53,,,2,1,4059,0,0,2
1,1,518476,38.00,66,28,3,4,2,1,4,1,1,2,3,,4,,65,5.90,,,1,2,149,0,0,2
2,1,518476,38.20,52,24,,1,1,1,2,3,,,1,,1,5,,,,,1,1,11645,0,0,2
1,1,518476,38.1,92,36,1,2,2,,3,1,,,,,,,50.00,6.40,1,,1,1,3642,0,0,1
2,1,518476,38.7,80,36,4,,5,1,2,3,3,2,1,7.50,4,4,50.00,7.60,1,,2,2,280,0,0,2
1,1,518476,37.50,65,30,,1,2,1,2,2,2,2,1,1,1,4,53.00,,3,1.40,2,1,8279,0,0,1
2,1,518476,38.00,44,,2,2,2,1,1,2,1,2,,,,,52.00,6.20,,,1,2,138,0,0,2
2,9,5305629,38.00,,30,1,1,3,1,5,,2,,2,,,5,31.00,6.90,3,2.30,1,1,10324,0,0,1
2,1,518476,,60,28,,2,1,1,,2,1,,1,,,5,44.00,7.00,2,2.60,1,2,678,0,0,2
1,1,5305629,,,12,2,3,2,1,,3,1,2,1,,4,,50,,1,2.80,2,2,11925,0,0,1
1,9,5305629,37.60,48,18,3,3,6,2,2,3,1,2,,7.00,,1,35,6.80,,,2,1,2844,0,0,2
1,1,518476,38.3,60,16,3,1,4,1,3,,1,2,,,3,,30.00,7.80,3,1,1,1,9545,0,0,2
1,1,518476,38.10,60,12,3,,,1,1,3,4,2,,,1,3,68.00,4.00,,,2,1,4957,0,0,2
1,1,518476,37.20,,24,3,1,,1,1,4,2,2,,,4,5,50,,1,2,3,1,2023,0,0,2
1,1,518476,38.2,48,16,3,1,,2,3,4,4,2,,,,4,50,85,3,,1,1,14229,0,0,2
1,1,518476,39.2,160,44,3,1,5,2,3,4,2,2,,,1,5,,6.50,1,4.40,3,1,5740,0,0,1
2,1,518476,38.2,42,88,2,1,,2,,2,3,2,3,,,,50.00,7.00,,,1,2,3837,0,0,2
2,1,518476,38.5,124,40,3,1,,1,2,3,,,,,,4,31.00,50,3,5.20,1,2,935,0,0,2
2,1,518476,38.30,52,68,1,1,3,1,2,1,4,,,,4,,38.00,6.70,,,1,1,4256,0,0,2
1,1,518476,37.1,56,51,1,1,1,,3,3,1,,1,,1,1,37.50,8.00,,,2,1,7671,0,0,2
1,1,518476,,130,88,3,3,,1,3,4,3,3,1,,1,,40.00,74,1,3.20,3,1,6206,0,0,1
2,1,518476,37.80,36,30,2,1,2,1,,3,1,3,,2,,5,33.00,8.40,1,4.10,1,2,1512,0,0,1
2,1,518476,38,44,42,1,1,2,2,1,1,1,3,1,,1,1,39.00,64,1,1,1,2,197,0,0,2
2,1,518476,37.20,44,28,1,4,5,2,1,1,4,,1,,4,5,68.00,8.10,1,5.00,1,2,1525,0,0,1
1,9,518476,38.5,184,40,4,3,2,1,4,4,2,,3,,,4,59.00,58,,,2,1,10296,0,0,2
2,1,518476,38.5,30,20,,1,1,1,1,3,1,,1,,4,5,,,2,5.30,1,1,8040,0,0,2
1,1,518476,38.1,48,40,,,3,1,2,3,,2,1,,,,36.00,6.00,,,1,1,11462,0,0,2
1,1,518476,,50,20,4,1,1,1,,1,1,2,1,2,4,,40.00,6.50,3,,1,1,76,0,0,1
2,1,518476,39.90,88,,1,3,1,1,3,3,3,1,,,2,5,45.00,7.40,3,2.90,2,1,7566,0,0,1
1,1,518476,37.40,44,24,,3,1,,3,3,3,,1,,,,42.00,55,,1,1,1,3718,0,0,1
1,1,518476,38.40,44,28,3,1,4,,3,1,1,2,1,,4,,48.00,7.40,3,2.60,1,2,4695,0,0,1
2,1,518476,37.80,54,28,3,1,3,1,1,4,2,2,,,4,4,45.00,,,,1,2,155,0,0,1
1,9,5305629,,42,,3,1,1,2,,1,1,3,,,,2,72.00,4.50,3,,1,2,2132,0,0,2
1,1,518476,,46,28,3,1,6,1,3,3,1,1,,7.50,3,1,40.00,,1,,2,1,4786,0,0,1
2,1,518476,,56,18,,1,2,2,1,3,4,3,,2,4,5,39.00,7.50,1,2,3,2,3480,0,0,1
1,9,5305629,38.30,40,14,,,3,2,,3,2,2,,,,1,45.00,7.20,,,2,1,13115,0,0,1
2,1,518476,37.10,30,9,1,1,3,1,4,3,,2,1,,,5,58.00,73,,,2,2,4661,0,0,2
1,1,518476,38.00,80,20,1,3,5,1,,3,3,,,,4,4,52.00,7.10,2,,1,2,14564,0,0,2
1,1,518476,37.30,42,,,,3,,1,2,2,,,,,5,50.00,75,,1,1,2,1347,0,0,2
1,1,518476,,52,30,3,,3,1,2,3,1,2,,,4,,52.00,8.80,2,,1,2,5285,0,0,2
1,1,518476,38.80,92,48,,3,,2,,4,2,,2,,2,,54.00,67,,,1,1,9412,0,0,1
1,1,518476,37.8,129,14,1,1,1,1,5,1,4,1,3,7.00,,5,34,6.00,,,2,1,2380,0,0,2
2,1,518476,38.5,150,20,2,1,2,1,1,2,1,,1,7.50,1,5,69.00,6.00,,,2,2,2554,0,0,1
2,1,518476,37.70,96,10,1,3,3,1,3,4,3,1,1,4.40,1,4,37.00,6.10,,,2,1,2841,0,0,2
2,1,518476,,56,24,4,1,1,2,,3,,2,2,,1,5,42,72,,,2,2,2651,0,0,2
1,1,518476,38.2,48,12,,1,1,1,3,2,3,2,1,,,5,,7.50,,,1,1,5832,0,0,2
1,1,518476,38.5,72,26,,1,5,1,2,1,1,1,1,,4,3,49,66,1,,1,1,406,0,0,2
1,1,518476,38.20,,48,3,1,3,1,5,3,4,1,1,7.00,,4,41.00,65,,3.90,1,1,1597,0,0,1
1,1,518476,38.30,128,24,3,,1,2,3,4,4,2,1,,4,5,53,7.70,,4.40,1,1,6188,0,0,1
2,1,518476,38.60,64,36,2,3,1,1,3,,3,,,,,2,41.00,6.30,,,3,1,4338,0,0,2
2,1,518476,,60,13,4,3,1,2,5,4,,,1,4.00,,,40.00,,1,,2,1,7230,0,0,1
1,1,518476,,84,23,1,,2,1,3,3,4,2,1,,4,5,38,64,3,,2,2,3863,0,0,2
2,1,518476,38.8,52,14,3,1,2,1,,3,4,3,3,,3,,50.00,6.50,,,1,1,6231,0,0,2
1,1,518476,40.30,60,24,3,3,2,1,5,3,4,1,,,4,,33.00,7.0,3,,1,1,1425,0,0,1
2,1,518476,,60,24,3,3,3,,1,3,2,,,,1,,39.00,5.50,3,2,1,2,1330,0,0,2
1,1,518476,38.30,48,16,1,1,2,2,,4,,2,,,1,4,39,6.00,3,2,1,1,5185,0,0,2
1,1,518476,38.40,72,30,4,1,3,2,3,,1,,2,,1,5,59.00,8.50,2,,1,2,6114,0,0,2
1,1,518476,38.4,60,16,1,3,6,1,4,4,4,,1,,1,5,53.00,7.20,,,1,2,10433,0,0,2
2,1,518476,38.30,44,12,3,,1,2,4,3,2,2,1,,1,,43.00,5.90,2,,2,1,3903,0,0,1
2,9,518476,40.30,40,90,4,1,1,1,2,1,,2,1,,,5,54.00,6.00,,,1,1,1721,0,0,2
1,1,5305629,38.50,88,28,3,,3,2,3,3,,1,2,,4,,40.00,7.00,,,1,2,877,0,0,2
1,1,518476,38.3,50,32,3,3,,1,2,4,1,2,1,,4,,37.00,6.50,1,3.00,1,1,9304,0,0,1
2,1,518476,38.00,100,24,3,3,1,1,5,3,3,1,1,1,4,,36,75,,,1,2,6760,0,0,2
1,1,518476,36.5,40,,4,3,2,2,5,3,3,,1,5.50,3,,54.00,69,,2,1,1,8033,0,0,1
1,1,518476,,72,,2,,3,1,2,4,1,,1,,1,5,43.00,8.10,,2,3,2,656,0,0,2
1,1,518476,37.8,50,,,1,2,1,1,2,1,2,3,,4,4,38,62,3,1,1,2,1761,0,0,1
1,1,5305629,38.00,100,24,1,3,1,2,,4,4,1,1,,,5,24.00,6.20,3,4.30,2,1,3839,0,0,1
2,1,518476,,48,20,3,1,1,2,5,3,,,,,,5,50,76,2,2,1,1,1047,0,0,1
2,1,5305629,37.9,64,28,,1,4,2,2,3,4,1,1,,4,,52.00,5.70,,2,2,1,1428,0,0,2
2,1,518476,37.80,70,,1,3,1,1,3,3,1,2,1,,1,,66.00,6.50,,,1,1,2619,0,0,2
1,9,518476,,36,,3,1,2,1,4,3,1,2,1,,,2,36.00,64,1,1,1,1,2664,0,0,1
1,1,5305629,39.50,56,22,1,,4,1,1,,3,,1,,4,,48.00,,,,1,2,2113,0,0,2
2,1,518476,39.3,100,30,2,1,,,1,3,,,,3.00,,5,66,61,,,1,2,4783,0,0,2
1,1,518476,39.3,112,10,3,3,3,2,3,4,1,,,,4,,37,7.10,,,3,1,7580,0,0,2
1,9,518476,38.70,66,,2,3,,1,3,4,,3,1,,,1,36.00,62,1,2,2,1,2077,0,0,2
1,1,518476,,42,96,3,,3,2,2,3,3,,,,1,,56,6.70,,10.10,1,1,5781,0,0,2
2,1,518476,36.40,84,50,3,3,,1,,,3,1,2,,,5,41,69,,,1,1,7819,0,0,2
1,1,518476,37.50,48,24,3,,4,1,2,3,,,,,,,49.00,7.80,,,3,2,1490,0,0,1
1,1,518476,37.5,64,13,3,,,1,,4,2,,,,,,40.00,71,,,1,1,11596,0,0,2
2,1,518476,38.20,88,18,4,,3,1,4,1,2,,,,4,,37,6.00,,,3,1,1213,0,0,1
1,1,518476,,,,3,1,3,,2,1,1,,,,3,1,55.00,7.50,,,1,1,569,0,0,2
2,1,518476,39.7,184,36,1,3,4,1,2,,3,,2,,,,40.00,8.60,,,2,2,10497,0,0,2
1,9,518476,37.20,,24,4,1,,1,5,3,3,2,,,4,4,37.00,,1,,1,1,6356,0,0,2
2,1,518476,38.10,52,12,2,1,2,1,4,4,1,,1,,1,,66,6.50,2,,2,2,557,0,0,1
2,1,518476,37.80,,18,1,1,3,1,2,,1,,2,,3,,32.00,7.00,2,,2,2,5268,0,0,2
,9,5305629,38.00,48,10,4,,4,,,3,3,,,,1,,45.00,,,,1,1,9437,0,0,2
2,1,518476,38.5,48,24,1,1,3,1,,3,3,,1,,4,,36.00,5.50,2,1,1,2,6172,0,0,2
2,1,518476,38,48,50,3,1,,1,3,4,,,1,4.00,,,54.00,10.2,,,1,2,2978,0,0,2
1,1,518476,38,56,80,1,1,4,1,5,4,2,3,1,,,,37.50,6.50,,,1,2,4631,0,0,2
1,1,518476,39.60,72,28,2,4,1,1,1,4,3,2,3,1,3,5,43,5.90,3,,1,1,4822,0,0,1
2,1,518476,,52,28,1,,,1,5,,3,,,,,,50.00,6.40,,2,1,2,4275,0,0,2
2,9,518476,38.2,64,20,1,,6,2,,3,1,2,1,6.50,,3,,6.40,1,4.80,2,2,1182,0,0,2
1,1,518476,,65,13,2,,1,1,4,,4,2,3,,4,4,47.00,9.10,1,,1,2,3264,0,0,1
2,1,518476,38.1,104,,1,3,,,2,3,,,2,,,5,,7.60,,,1,2,1498,3111,0,2
1,9,518476,37.20,66,16,3,,5,1,2,3,2,3,1,,,,34,7.70,,,2,1,6365,0,0,1
1,1,518476,38.7,50,16,3,1,5,2,5,1,,2,1,,3,,41.00,5.90,,,3,1,6018,0,0,1
2,1,518476,38.00,60,42,3,1,1,1,2,3,1,3,3,,4,4,26,8.00,,1,3,2,719,0,0,1
1,1,518476,38.00,120,20,2,,5,2,2,4,1,1,3,,3,,60.00,6.70,2,2,2,1,4157,0,0,2
1,1,518476,37.00,80,40,,3,6,1,5,4,3,2,1,,3,5,46,8.10,1,1,1,1,11683,0,0,2
1,1,518476,37.9,90,32,3,,1,1,1,3,,2,1,,,3,39.00,11.00,2,,1,1,1283,0,0,2
2,1,518476,38.0,136,36,3,1,5,1,3,1,1,2,1,,3,,36.00,7.60,2,,1,2,1030,0,0,2
2,1,518476,38.30,60,20,1,1,1,2,3,4,1,1,1,,4,,43.00,7.50,1,4.30,1,1,3383,0,0,1
1,1,518476,38.80,100,,,,3,,5,3,,,,,,4,54.00,6.00,,10.10,1,1,5812,0,0,1
1,1,518476,37.40,140,36,4,3,4,1,2,3,,,,4.30,4,5,47.00,66,2,,1,2,3858,0,0,2
1,1,518476,38.60,78,42,,1,2,1,,3,1,3,3,5.50,,2,36,50,,,1,2,5128,0,0,2
1,1,518476,40.30,54,28,3,3,,2,2,4,4,,,,4,,48.00,,3,1,2,1,9733,0,0,1
1,1,518476,37.50,44,60,,1,1,2,4,1,2,2,1,,2,4,52.00,6.80,,,1,1,7024,0,0,2
1,1,518476,38.5,72,20,3,2,3,1,3,3,1,2,1,,,4,47.00,50,3,,3,1,9505,0,0,2
1,1,5305629,38.60,42,22,4,,1,1,5,3,1,,2,,1,2,43,86,2,,1,2,4892,0,0,2
2,1,518476,38.00,40,24,1,,,,3,3,1,,2,,3,,49.00,61,,,1,2,6146,0,0,2
2,1,518476,37.20,104,,3,1,,3,,3,1,1,,,4,5,,6.40,,,3,2,4482,0,0,2
1,9,518476,37.5,,,3,1,4,1,,,2,1,1,,3,,55.00,6.10,,,1,1,3858,0,0,2
1,1,518476,38.6,108,12,2,4,1,1,4,3,2,1,1,,3,,52.00,,3,,1,1,518,0,0,1
1,1,518476,38.00,40,20,1,1,5,1,1,3,2,1,3,,3,,53,5.50,,,3,2,4584,0,0,2
2,1,518476,37.80,100,,1,3,3,2,5,3,2,,1,,4,,35,,,5.20,1,2,4976,0,0,2
2,1,518476,38.2,88,12,3,1,1,1,4,,1,2,2,,3,5,57,64,,,1,2,2812,0,0,2
2,1,518476,37.60,90,42,3,1,1,1,4,,1,1,,6.50,,,37.00,62,2,,1,1,6781,0,0,2
2,1,518476,,,18,1,3,2,2,5,4,4,1,1,,4,4,45,7.60,,,2,1,14104,0,0,1
1,1,518476,,80,,3,4,1,2,4,3,1,,,5.00,4,5,60.00,63,2,,1,1,1786,3111,0,2
1,1,518476,,36,,,3,,1,,1,2,1,1,5.50,,5,48.00,,,2,1,2,2108,0,0,2
1,1,518476,38.00,129,16,1,1,,1,,4,2,3,1,,1,5,45.00,7.40,2,2.90,1,1,1825,0,0,2
1,1,5305629,,52,18,3,1,3,1,,3,4,,,3.00,2,5,48,5.90,2,,2,1,3609,0,0,2
1,1,518476,38.00,52,84,1,1,3,,3,3,2,,1,,4,,44.00,5.90,,,3,2,2378,0,0,2
1,1,518476,,30,42,1,,,1,5,4,1,2,3,6.50,1,2,50.00,6.00,,2,1,1,3421,0,0,2
2,1,518476,38.5,44,26,1,3,4,2,3,4,1,1,3,6.50,4,2,40.00,7.50,3,1,2,1,13035,0,0,2
1,1,518476,37.30,48,16,,2,5,1,3,1,,3,1,,4,3,26,5.90,1,5.20,1,2,7639,0,0,1
1,1,518476,38.0,72,48,1,,3,1,4,4,,2,1,,3,3,55.00,77,,,2,1,468,0,0,2
2,1,518476,38.70,40,32,,1,2,1,3,1,2,2,2,,4,1,47,5.90,1,,1,2,2534,0,0,1
2,1,518476,38.5,64,,3,3,1,1,4,3,3,,3,,1,5,,11.00,2,4.10,1,1,9047,0,0,2
2,1,518476,38.20,72,52,,3,4,2,5,4,2,1,3,,,5,46.00,7.20,,,3,1,5647,0,0,2
2,1,518476,39.40,150,90,1,,6,1,,,2,2,,,3,,33.00,6.50,2,,1,2,3274,0,0,2
1,1,518476,38.5,76,20,3,3,1,,4,3,1,,3,,4,5,,6.60,1,,2,1,11030,0,0,1
1,1,518476,,130,24,3,3,1,2,,3,1,,3,,1,1,60.00,6.50,,,3,2,4959,0,0,1
1,1,518476,37.20,52,30,1,3,4,1,,,1,,,,4,1,74.00,65,,,1,2,5610,0,0,2
1,1,518476,38.0,104,20,1,1,,1,3,3,1,,3,5.40,,4,39.00,7.2,,,3,2,5040,0,0,2
1,1,518476,38.00,104,14,3,1,4,1,2,,1,1,3,,4,4,36,7.50,2,6.60,1,1,4619,0,0,2
1,1,518476,38.70,64,30,3,3,6,1,3,3,3,2,2,,4,5,,55,3,,1,1,5779,0,0,2
2,1,518476,38.70,100,24,2,1,3,1,1,3,1,2,3,,4,,45.00,7.00,3,,1,2,324,0,0,2
1,1,518476,37.60,80,30,1,3,,1,3,4,,1,2,,,4,48.00,6.50,3,,1,1,3459,0,0,2
1,1,518476,38.40,54,,1,1,,,5,3,,1,2,,1,,68.00,,,,2,1,3579,0,0,2
2,9,5305629,38.70,50,30,2,1,4,1,2,,,2,,,4,,44,4.70,3,5.20,1,2,4590,0,0,2
1,1,518476,38.20,90,24,3,3,6,2,5,3,3,1,2,,3,5,,8.50,1,2.30,1,1,14517,0,0,2
2,1,518476,,92,48,2,3,2,2,2,3,,2,1,,2,4,50,,1,,1,1,3421,0,0,2
1,1,518476,39.00,184,9,1,3,3,1,2,4,1,,1,2,,,43,5.90,3,,3,1,4105,0,0,2
1,1,518476,,60,30,3,,,2,5,4,,1,1,,4,5,38.00,4.90,,2,1,2,649,0,0,2
1,9,5305629,36.00,78,20,4,1,3,1,3,2,3,1,1,4.00,2,4,45,61,,,2,1,11237,0,0,1
1,1,518476,38.3,42,40,,3,3,,5,3,1,,1,,1,,51,8.50,,,1,1,8720,0,0,2
1,1,518476,38.40,84,66,4,1,1,1,3,3,,1,1,2,4,,47.00,8.00,,1,1,2,1862,0,0,2
1,1,518476,38.4,124,12,3,1,4,1,3,3,4,1,3,,3,,48.00,7.60,2,,2,1,6290,0,0,1
1,1,518476,36.10,60,16,1,1,2,2,,,4,1,1,,,,47,62,,,1,1,4456,0,0,2
2,1,518476,37.70,66,,4,,2,1,,,3,,,5.40,,5,43.00,,1,3.30,1,1,10488,0,0,1
2,1,518476,38.50,76,20,1,3,3,1,,4,2,2,1,,,1,45.00,,2,,2,2,2114,0,0,2
2,1,518476,38,48,30,3,3,4,1,2,4,4,1,3,7.00,4,,50.00,8.50,3,,2,1,2629,0,0,1
1,1,518476,38.00,48,36,2,,1,2,,4,,,1,,,1,,8.10,,,1,2,414,0,0,1
2,1,518476,38.00,108,40,2,1,1,1,3,3,,,,1,,2,69.00,8.60,3,1,3,1,2846,0,0,2
1,1,5305629,40.00,60,36,3,3,,1,1,3,1,,,,,,,6.60,1,5.30,1,1,6891,0,0,1
2,9,518476,,60,36,1,3,1,1,4,3,1,1,1,,,,42.00,,1,2.80,2,1,2046,0,0,2
1,1,518476,37.8,104,70,4,,1,1,2,,4,2,2,,,,60.00,6.00,3,,1,1,4673,0,0,2
1,1,518476,38.50,60,,1,1,1,1,,3,1,2,1,,,5,42,7.60,,,3,1,10109,0,0,2
2,1,518476,37.30,54,18,3,,4,1,5,4,4,,1,,,3,45.00,6.80,2,2.00,2,1,3541,0,0,1
2,1,518476,,68,36,1,1,3,2,5,3,,,1,,,4,60.00,7.60,,,2,2,19433,0,0,1
1,1,518476,38.60,128,44,3,,1,1,2,3,1,,1,,,,59.00,6.60,3,2,2,1,3733,0,0,1
2,1,518476,38.3,184,40,2,4,,,,,3,,,,1,4,44.00,68,,,1,1,1903,0,0,1
2,1,518476,37.80,60,28,,3,1,1,,1,3,,1,5.50,,,50,5.30,2,,3,1,3633,0,0,2
1,1,518476,37.3,96,24,3,3,1,2,5,3,2,2,1,,3,2,42,4.70,1,1,1,1,4922,0,0,1
2,9,518476,38.20,104,20,4,1,4,1,3,,1,,1,,,,75.00,7.00,,,1,2,622,0,0,2
1,1,518476,37.3,84,16,3,3,,2,1,3,2,,,5.70,,,49.00,6.10,3,3.30,1,1,5460,0,0,1
2,1,518476,38.20,52,,3,3,1,1,1,,,3,1,,4,,40.00,6.20,1,1,1,2,345,0,0,1
2,1,518476,37.9,92,32,,,5,2,4,3,1,,2,,,2,44.00,6.30,,3.90,2,1,1834,0,0,2
1,1,518476,,88,20,4,1,5,2,5,4,1,,2,,1,1,40.00,,,,1,1,7749,0,0,1
1,1,518476,37.60,84,24,2,3,3,2,2,4,4,3,3,2,1,4,38,7.20,,7.00,2,1,15513,0,0,1
1,1,518476,,60,51,3,1,2,1,3,,2,2,3,,,,44.00,6.00,,,1,1,3281,0,0,2
1,9,518476,,56,70,2,1,3,1,2,3,1,2,1,,1,4,37.00,6.50,3,,3,1,8859,0,0,2
1,1,518476,38.0,54,96,1,3,,1,5,4,3,1,,1.50,1,,50.00,50,2,,2,1,7837,0,0,2
1,1,5305629,40.30,44,16,2,1,6,,1,,3,2,1,5.50,,1,44.00,7.80,,,1,1,1762,0,0,2
1,1,518476,,36,18,4,3,1,1,2,3,1,,,,,5,,6.20,,,2,1,10888,0,0,2
1,1,518476,38.2,88,28,1,1,6,1,2,3,4,1,2,,4,,41.00,7.80,3,,1,2,6148,0,0,2
1,1,518476,38.2,160,72,4,1,1,1,3,3,4,2,2,,,2,57,6.70,,1.00,1,2,3790,0,0,2
1,1,518476,,,12,3,3,,1,5,4,4,,3,,3,,,,,,3,1,12270,0,0,2
2,1,518476,38.30,40,20,1,1,1,1,5,1,2,1,,,4,,45.00,6.70,1,,1,2,8535,0,0,1
2,1,518476,38.10,88,16,1,1,1,1,5,4,4,3,,,,5,44.00,6.70,1,2.50,1,2,8538,0,0,1
2,1,518476,38.8,,40,,3,4,1,2,3,1,2,1,,3,4,36.00,8.00,1,,1,2,620,0,0,2
1,1,518476,38.20,44,24,2,3,5,2,4,2,1,2,3,,,,50,8.50,2,,2,1,3932,0,0,2
1,1,518476,38.2,40,40,2,3,1,2,3,4,1,,1,,4,,36,5.50,,,1,1,1805,0,0,1
1,1,518476,37.5,56,18,2,1,5,1,1,2,1,,,,1,,35.00,9.00,,,3,1,182,0,0,2
1,1,5305629,38.30,50,34,3,1,4,1,,1,4,2,1,,,5,37.00,6.00,,,2,1,10650,3111,0,2
1,1,518476,38.0,64,9,4,,3,1,4,,3,,3,7.50,,5,46.00,7.60,,,1,1,4038,0,0,2
2,1,5305629,39.20,48,48,3,1,1,1,,1,1,2,1,,1,,38,46,3,2.60,1,1,9772,0,0,1
2,1,518476,37.1,44,24,3,1,4,1,4,3,3,,1,,,3,37.00,11.00,,,3,2,1184,0,0,2
2,1,518476,,44,32,4,1,5,2,3,4,2,2,1,,4,5,56,6.20,2,2,2,2,5092,0,0,2
1,1,518476,40.30,48,9,3,3,5,1,4,2,2,,,6.20,,,72.00,7.80,2,1.00,2,1,4709,0,0,2
2,1,518476,,60,24,3,3,4,2,1,,1,,,,,,45.00,8.40,3,,1,1,2632,0,0,2
2,1,518476,38.40,54,22,3,3,3,1,3,4,3,,,,4,3,,7.50,,,2,1,14191,0,0,2
2,9,518476,38.70,,16,3,1,6,1,,3,2,,,5.30,,,,7.60,1,,1,1,735,0,0,1
1,1,518476,38.7,84,25,1,3,,1,5,4,1,,,,4,3,73.00,7.00,1,,3,1,5325,0,0,2
1,1,518476,38.80,,60,3,,3,1,3,1,2,,,,,5,44.00,66,,,1,1,4173,0,0,2
1,1,518476,40.00,30,24,4,1,6,1,1,1,1,1,,,4,4,31.00,4.00,,,2,1,1238,0,0,2
2,1,518476,39.30,40,51,,3,1,1,3,3,1,,,,,5,43,6.60,2,,1,1,8283,0,0,1
1,1,518476,37.8,,40,2,3,5,2,,4,1,1,1,5.70,,,67,5.50,,,1,1,1728,0,0,2
1,1,518476,39.00,104,,1,1,2,1,5,4,1,2,1,,4,1,41.00,68,,,1,2,1704,0,0,2
2,1,518476,38.20,48,21,3,1,1,1,2,3,,2,,,4,,44.00,59,,4.50,2,2,183,0,0,2
1,1,518476,,40,24,,3,,1,,3,1,2,,,1,4,42,46,,,2,1,7025,0,0,2
2,1,518476,37.10,64,30,4,3,1,1,4,3,1,,2,6.50,,1,36.00,7.00,,1.60,2,1,8055,0,0,2
1,1,518476,37.20,60,48,3,3,,1,5,4,3,1,,,4,4,57.00,70,,1.60,2,1,4784,0,0,2
2,1,518476,,60,,1,1,3,1,3,,,3,3,,,,,7.00,1,3.00,1,2,611,0,0,2
1,9,5305629,,56,90,3,3,4,2,5,3,3,1,,,,5,37.00,65,3,,2,1,13732,0,0,2
2,1,518476,36.50,68,96,3,1,1,1,4,3,2,1,1,1,3,2,75.00,68,,,1,1,1679,0,0,2
1,1,5305629,,92,,3,1,6,1,3,3,,1,,,,,37.00,8.70,2,,2,1,4727,0,0,1
1,1,518476,38.40,44,,2,3,1,1,3,4,1,2,1,,3,4,,,,2,1,1,5458,0,0,2
2,1,518476,37.4,86,32,3,1,1,1,1,4,1,,1,,2,,,6.60,,,3,1,10824,0,0,2
2,1,518476,38.5,44,,,1,6,,1,1,4,,,5.30,1,,53,5.50,,,1,2,1853,0,0,2
1,1,518476,38.2,100,32,4,3,3,1,5,4,2,,,,1,,37.00,64,,,3,2,4093,0,0,2
1,1,518476,,60,40,2,1,1,2,3,3,2,,1,,,,55.00,6.50,2,,1,2,848,0,0,2
1,1,518476,38.00,52,51,1,3,1,,,1,,,2,,4,5,,86,1,,1,1,4848,0,0,2
1,1,518476,37.30,,32,1,3,3,1,1,4,3,1,,,1,,40.00,6.20,,,2,1,6986,0,0,2
1,1,518476,37.00,56,30,3,3,1,1,5,3,3,2,1,,4,5,40.00,70,1,,2,1,14850,0,0,2
1,1,518476,38.2,,,3,1,5,2,,,4,2,2,,1,5,72.00,56,2,,1,1,1720,0,0,2
2,1,518476,37.9,48,48,1,3,3,1,5,3,,,1,5.40,,5,37.00,8.00,2,2,1,1,7935,0,0,2
1,1,518476,38.10,72,16,3,3,,,5,3,1,,,,,5,,7.50,,,1,1,5081,0,0,1
2,1,518476,38,52,12,4,,1,1,3,3,,,1,,4,3,35,55,,,1,2,277,0,0,2
2,1,518476,37.80,124,36,2,1,,1,3,3,1,1,1,2,,4,37,7.30,,2.20,2,2,474,0,0,2
2,1,518476,35.4,60,,1,3,,1,2,3,,,,4.00,1,1,66,5.90,,2,1,1,2715,0,0,1
1,9,518476,38.50,64,,3,1,1,2,3,3,3,1,1,6.50,,,40.00,75,3,,1,1,4846,0,0,1
1,9,518476,37.10,40,24,3,3,5,1,5,,1,,,7.00,,,35,57,,,1,2,2137,0,0,1
1,1,518476,38.5,70,12,1,1,3,,5,3,3,1,,,3,,34,54,,,3,1,6862,0,0,2
2,1,518476,38.3,,12,3,3,4,2,4,3,4,2,,,4,5,60.00,5.90,,,1,1,2294,0,0,2
1,1,518476,38.7,132,15,3,3,1,1,3,3,2,,,,3,,34,71,,,1,1,7026,0,0,2
1,1,518476,38.3,80,24,3,,3,,3,3,3,,2,,,2,44.00,6.40,1,,1,1,6586,0,0,1
1,1,518476,,,30,4,1,3,1,5,,3,,,,,5,50.00,53,,,1,2,2266,0,0,2
2,1,518476,39.60,52,18,3,,1,2,5,3,3,2,1,5.70,1,,68,64,,,2,1,5302,0,0,2
1,1,518476,,100,13,2,,1,2,2,3,1,1,1,,1,,42.00,,,,1,1,9785,0,0,2
1,1,518476,,160,12,2,1,5,2,5,,3,2,1,,3,2,64.00,6.50,,3.90,2,2,3755,0,0,2
2,1,518476,38.2,100,28,3,1,1,,2,3,1,,,,,5,,54,,,1,2,1402,0,0,2
2,1,518476,38.00,48,,1,,,1,5,4,3,2,,7.00,,1,33.00,7.50,,5.20,1,1,7721,0,0,2
1,1,518476,,45,32,4,1,,1,4,2,1,1,,,4,5,45.00,5.90,3,,1,1,394,0,0,2
1,1,518476,40.80,52,42,,1,6,1,1,3,4,2,1,4.00,,,,,1,,2,1,3601,0,0,2
1,1,5305629,37.80,88,36,4,3,1,2,3,3,3,,,,,1,46,8.80,,,1,1,5485,0,0,2
2,1,518476,37.70,96,20,1,3,1,1,,3,2,2,2,,,2,44,7.10,,,2,2,38,0,0,2
1,1,518476,38.80,,20,3,4,1,1,4,2,,,1,,,5,70.00,71,2,,1,1,5285,0,0,2
1,1,518476,39.00,44,30,1,3,3,1,3,4,2,,,,1,5,,6.10,1,,2,1,10664,0,0,1
2,1,518476,,40,30,,,5,2,5,3,2,1,3,,4,2,57,65,,8.00,3,1,8739,0,0,1
1,1,518476,38.50,52,30,1,1,1,1,3,3,4,3,,,,,46,7.50,,4.50,1,2,3038,0,0,2
2,1,518476,,44,66,,1,2,2,3,1,4,,,,,2,36.00,46,,,2,2,2777,0,0,1
2,1,5305629,38.00,60,20,3,1,3,1,3,4,1,,1,,,1,,,1,2,2,2,4841,0,0,1
1,1,518476,38.2,,36,3,1,3,1,3,3,4,,1,,,4,60.00,53,,4.30,1,1,1191,0,0,1
1,1,518476,36.60,42,32,1,3,5,1,2,,2,2,1,7.50,,1,45.00,8.00,1,,1,1,3580,0,0,2
2,1,5305629,37.5,70,40,3,3,4,,3,3,1,,,,4,5,47.00,7.2,,6.60,3,2,5726,0,0,2
1,1,518476,38.50,40,,2,,1,1,3,1,1,,1,6.50,,,43.00,,,,1,2,5816,0,0,2
1,1,518476,38.30,92,12,2,1,5,1,5,1,1,,,,,5,42,7.50,2,,1,1,3153,0,0,1
2,9,518476,37.3,,51,1,,5,1,2,3,2,2,1,,3,,30.00,56,,,1,2,2704,0,0,1
1,1,518476,38.8,,40,2,1,1,1,2,,3,,1,7.20,2,,47.00,5.80,1,2,1,2,132,0,0,2
2,1,518476,37.5,92,18,,3,5,1,2,4,1,1,2,,1,1,55,6.60,1,,1,2,826,0,0,2
2,1,518476,37.00,72,12,1,1,5,1,5,4,3,,1,5.30,,2,,6.10,,1,2,1,10513,0,0,1
2,1,5305629,39.30,96,16,1,3,1,1,3,,1,,,,,,31,60,,,1,2,4889,7111,0,2
1,1,518476,37.70,48,20,4,3,,1,5,3,,2,1,,,1,,57,2,,3,1,12138,0,0,1
2,1,518476,38.20,75,48,4,,3,1,5,3,3,2,1,3.00,1,5,52.00,8.50,,,1,2,5694,0,0,2
1,1,518476,38.50,40,32,1,3,3,2,2,4,2,2,1,,,5,50.00,6.70,2,0.10,1,2,1632,0,0,2
2,9,5305629,39.2,50,12,1,2,2,2,2,3,1,,1,,1,2,,75,3,,1,1,1751,0,0,2
1,1,518476,38.20,88,32,4,1,6,1,,3,1,,,,1,,39.00,6.40,,,1,2,9944,0,0,1
1,1,518476,37.70,66,,1,3,4,1,,3,,,1,,1,4,41,7.00,,,1,1,805,0,0,1
1,9,5305629,38.10,132,80,2,1,6,2,3,1,4,2,,3.00,,4,44.00,6.10,2,7.00,1,2,1136,0,0,1
2,1,518476,38.5,60,30,1,,1,1,3,4,2,1,2,,,,50.00,,2,1,1,1,9155,0,0,1
2,1,518476,38.10,88,24,,3,1,1,3,3,2,2,3,,3,,58,7.00,,,1,1,2240,0,0,2
2,1,518476,37.70,56,18,1,2,2,1,3,3,4,1,1,,1,1,53,58,,2,1,2,2837,0,0,1
2,1,518476,38.70,42,30,1,1,4,,3,1,3,2,1,3.00,,1,50.00,7.80,3,2,1,2,3605,0,0,2
1,1,518476,38.50,40,,,1,6,1,,3,3,2,3,,,5,52.00,7.00,3,2.80,3,1,11803,0,0,2
1,1,518476,,90,44,,3,3,2,,4,3,,1,,4,,41,57,,,1,1,4962,0,0,2
1,1,518476,,64,36,3,3,3,2,3,3,2,,1,,4,4,50.00,6.10,2,,1,1,14325,0,0,1
2,1,518476,,150,,3,,4,2,3,4,2,1,3,4.30,4,,,7.50,3,,2,1,4738,0,0,1
1,1,518476,,66,10,3,3,1,2,5,4,4,2,3,6.50,,5,72.00,75,,,3,1,20246,0,0,1
1,1,518476,,60,25,3,,1,2,5,4,,1,3,5.40,1,4,33.00,8.10,1,2.50,2,1,8722,0,0,1
2,1,518476,38.0,52,,,1,3,,,3,4,,1,,1,,39.00,9.00,,4.70,1,2,1547,0,0,2
2,1,518476,38.5,54,16,3,4,3,1,3,3,4,2,1,,3,,30.00,6.50,,,1,2,823,0,0,2
1,1,518476,38.00,100,36,3,,3,1,1,3,2,3,3,,2,,55,5.90,1,,1,1,4447,0,0,1
1,1,518476,37.30,40,24,1,1,6,1,4,3,3,,,,1,1,60.00,,,,1,1,3185,3111,0,2
1,1,518476,38.30,48,36,1,1,6,2,4,2,2,,2,,2,,60.00,81,,,2,1,1419,0,0,2
2,1,518476,38.00,60,20,3,3,1,2,5,4,4,1,1,,3,2,50,5.50,2,,2,1,2829,0,0,1
1,1,518476,37.60,72,48,3,3,3,1,5,3,,2,3,,1,4,40.00,,,1,2,1,9631,0,0,2
1,1,518476,,72,36,1,3,2,2,1,4,1,1,3,2,1,5,60.00,8.10,2,,2,1,2144,0,0,2
1,9,518476,36.10,,24,3,,,1,,3,1,1,,,,,43.00,59,1,,2,1,2516,0,0,2
2,1,518476,38.10,,20,3,1,1,1,2,,2,,,,1,5,37.00,7.20,1,,2,2,4198,0,0,1
1,1,518476,38.30,68,30,,4,1,1,3,3,,2,,,4,,50,6.70,1,2.60,3,1,7813,0,0,1
1,1,518476,38.50,36,30,1,1,1,,1,3,2,2,1,,,1,45.00,,,,2,1,9534,0,0,2
1,1,518476,,48,16,3,1,3,2,2,3,1,1,2,5.70,,,53,56,,,1,1,4132,0,0,2
1,9,518476,38.50,130,,3,3,3,2,5,3,1,2,1,,,5,37.00,65,,2.80,1,1,10558,0,0,2
2,1,518476,38.50,96,28,,,6,,4,4,4,1,2,,,5,45.00,5.50,,,3,1,4223,0,0,1
1,1,518476,,80,36,2,3,4,2,,4,,2,2,,4,,50.00,7.00,3,,1,1,11173,0,0,2
1,1,518476,37.30,66,32,,,1,1,5,4,3,,,,2,,66.00,6.60,1,2.60,1,1,6774,0,0,1
2,1,518476,38.30,96,24,2,1,1,1,3,3,3,2,1,,,2,,5.70,2,4.30,2,2,4073,0,0,2
2,1,518476,37.80,146,20,,1,3,1,4,3,3,2,,,,,63.00,5.30,1,4.10,1,2,291,0,0,2
1,1,518476,38.00,44,12,3,3,1,1,,4,1,2,1,,,2,33.00,,2,,1,1,11039,0,0,2
2,1,518476,38.2,40,32,,3,1,1,3,3,3,,,,2,4,46,6.70,,,2,1,17625,0,0,2
1,1,518476,,48,24,,1,6,2,2,4,3,2,1,,,,57,7.00,,2.90,2,1,2114,0,0,1
1,1,518476,,66,28,3,3,1,1,2,4,1,,1,1,3,,,8.10,2,,1,1,7375,0,0,2
1,1,518476,39.30,46,12,4,3,4,2,3,4,3,1,1,,4,4,73.00,5.70,1,,2,1,4240,0,0,2
2,1,518476,38.00,120,18,1,,6,1,3,2,1,,1,,1,3,68,89,,,1,2,1317,0,0,2
2,1,518476,,48,20,3,1,1,1,1,3,4,2,1,,4,5,45.00,8.40,,,1,1,1642,0,0,2
1,1,518476,40.30,100,42,3,1,,1,4,2,,1,,6.50,,5,44.00,7.60,1,,2,1,2623,0,0,2
1,9,518476,38.3,44,18,1,4,5,2,1,2,,1,1,,,3,35.00,5.70,,,1,1,6228,0,0,2
1,1,518476,37.30,108,,1,,6,1,4,3,2,2,1,,1,4,38.00,6.70,,2.30,2,1,4886,0,0,1
1,1,518476,38.20,,,4,1,3,1,2,4,1,,,,,2,42.00,8.30,,7.00,1,1,2796,0,0,1
1,1,518476,,30,34,3,,1,2,,4,4,3,1,,4,5,37.00,69,2,,2,1,5254,0,0,2
2,1,518476,38.00,60,32,1,4,,1,4,1,3,1,1,2,4,,47.00,4.70,3,,1,2,4262,0,0,2
1,1,518476,37.90,40,32,1,,1,1,5,4,4,1,2,,3,5,35.00,69,,,1,1,6406,0,0,2
1,1,518476,,64,40,3,3,,1,1,4,,1,,,3,1,,5.70,,5.00,3,1,9463,0,0,2
2,9,5305629,38.5,68,90,3,1,1,1,1,1,4,1,,,,5,60.00,46,3,,1,2,1472,0,0,1
